1-1,The brutal attack left him with severe injuries.
1-2,The civilian population was affected by the ongoing conflict.
1-3,She showed courageous determination in the face of adversity.
1-4,The intense competition pushed them to give their best.
1-5,He had a keen interest in learning about different cultures.
1-6,The President is committed to reforming health care.
1-7,The accident left him permanently crippled.
1-8,"The road curved sharply to the left, leading us into the forest."
1-9,He worked hard and deserved the recognition he received.
1-10,They had differing opinions on the matter.
1-11,The ballroom was graced with stunning chandeliers and exquisite floral arrangements.
1-12,The horrifying scene in the movie made them cover their eyes.
1-13,"He idled away the afternoon, sitting on the porch and watching the clouds"
1-14,Her positive attitude helped lighten the mood in the room.
1-15,He polished the wooden surface until it shone.
1-16,The accuracy of the measurements was crucial for the experiment.
1-17,The new appliance made household chores easier.
1-18,The job applicant had impressive qualifications and experience.
1-19,The bird''s beak was long and sharp.
1-20,He used a secret code to encrypt his messages.
1-21,She displayed great skill in her craft as an artist.
1-22,He took the cue from his coach and made the necessary adjustments.
1-23,The dormitory provided housing for college students.
1-24,The embassy served as a diplomatic outpost for their country.
1-25,She applied the lotion to her dry skin.
1-26,The temperature reached its maximum point during the heatwave.
1-27,The penalty for the offense was severe.
1-28,He pondered the meaning of life and delved into philosophy.
1-29,She snuggled under the warm quilt on the cold winter night.
1-30,"The seagull soared above the ocean, searching for food."
1-31,The car crash left behind a mangled wreck of twisted metal.
2-1,The artificial intelligence system was designed to mimic human behavior.
2-2,He held conservative views on social and political issues.
2-3,The dog remained faithful to its owner throughout their life.
2-4,The building was a gigantic structure that stood tall in the city skyline.
2-5,The trip to the amusement park was a memorable experience for the children.
2-6,The organization provided assistance to needy families in the community.
2-7,The film is an overnight success.
2-8,Taking a direct flight was preferable to a layover for many travelers.
2-9,She was the senior member of the team with years of experience.
2-10,The storm caused severe damage to the coastal town.
2-11,He needed to analyze the data before drawing any conclusions.
2-12,The negotiations between the two parties ceased after reaching an agreement.
2-13,They sat on the park bench and began to converse about their shared interests.
2-14,The skater effortlessly glided across the ice rink.
2-15,The company guaranteed a full refund if the product was defective.
2-16,The firefighter rushed to the scene to rescue people from the burning building.
2-17,"With precision and skill, the skilled hunter prepared to spear the fish in the shallow waters."
2-18,The storm wrecked several houses along the coast.
2-19,Finding a job that matched her skills was a blessing.
2-20,The Labrador Retriever is a popular breed of dog.
2-21,The concept of time is a complex topic in physics.
2-22,He used a drill to make holes in the wooden board.
2-23,"His gaze wandered out the window, lost in thought."
2-24,"After a moment of hesitation, she made up her mind and took the leap."
2-25,The project was recognized for its merit and awarded a grant.
2-26,The messenger delivered an urgent message to the CEO.
2-27,The rock formation was composed of various minerals.
2-28,The surgeon performed a delicate operation on the patient.
2-29,She was excited about her pregnancy and eagerly awaited the arrival of her baby.
2-30,The registration process was simple and required basic information.
2-31,The picturesque scenery of the mountains left them in awe.
2-32,The artist created a stunning sculpture out of marble.
2-33,He received an important message via telegram.
3-1,He had an aggressive personality and often got into arguments.
3-2,"She was a passive observer, rarely expressing her opinions."
3-3,His pessimistic outlook often colored his perception of events.
3-4,She cherished the memories of her childhood.
3-5,You must learn how to construct a logical argument.
3-6,The two teams will contest each other in the championship match.
3-7,Please cube the potatoes before adding them to the stew.
3-8,The technician disconnected the power supply for safety.
3-9,The illustrator used vivid colors to illustrate the children''s book.
3-10,The two parties sat down to negotiate a settlement.
3-11,The company plans to site their new headquarters in the downtown area.
3-12,He split the wood logs with an axe for firewood.
3-13,The ceasefire brought a temporary cease to the hostilities between the two nations.
3-14,The enlargement of the photograph revealed more details.
3-15,She danced with grace and elegance.
3-16,His impressive performance left a lasting impression on the audience.
3-17,The hermit lived in isolation in a remote cabin in the woods.
3-18,She studied English literature in college.
3-19,The neglect of the garden resulted in overgrown weeds and dying plants.
3-20,Dog is a noun that refers to a domesticated carnivorous mammal.
3-21,They poured syrup over their pancakes for a sweet and sticky breakfast.
3-22,The ancient tomb was discovered during an archaeological excavation.
3-23,They arranged for the transfer of funds from one account to another.
4-1,She is a dependable employee who always completes her tasks on time.
4-2,He felt guilty for breaking the vase and tried to fix it.
4-3,He spent his idle hours watching TV instead of being productive.
4-4,The intensive training program pushed them to their limits.
4-5,She is a learned scholar with a vast knowledge of literature.
4-6,"They took a leisurely stroll along the beach, enjoying the sunset."
4-7,The artist contrasted the bright colors with dark shades to create a visually striking painting.
4-8,She felt embarrassed when she tripped and fell in front of everyone.
4-9,The photograph had been framed.
4-10,"During rush hour, the police officer routed traffic away from the accident site."
4-11,The highly skilled surgeon performed a successful operation.
4-12,The teacher gave them a challenging assignment to test their knowledge.
4-13,Players complained about the uneven bounce of the tennis court.
4-14,The commander led his troops with authority and determination.
4-15,His conscience troubled him after he lied to his friend.
4-16,She found contentment in simple pleasures like reading and spending time with loved ones.
4-17,The facility provided state-of-the-art equipment for athletes to train.
4-18,The fragrance of fresh flowers filled the room.
4-19,The ice skater executed a flawless glide across the rink.
4-20,He expressed his gratitude for their support and help.
4-21,Break a leg is an idiom often used to wish someone good luck.
4-22,She gathered information from various sources to complete her research.
4-23,They indulged in the luxury of a five-star hotel during their vacation.
4-24,He sought advice from his peers before making a decision.
4-25,Her possessions included a collection of rare books and artwork.
4-26,He pursued his passion and turned it into a successful profession.
4-27,"After the accident, she focused on her recovery and rehabilitation."
4-28,The calm lake provided a reflection of the surrounding mountains.
4-29,He had a reputation for being honest and reliable.
4-30,The saleswoman convinced the customer to purchase the product with her persuasive skills.
4-31,He looked at me with a twinkle in his eye .
5-1,He is dependent on his parents for financial support.
5-2,She conducted a thorough investigation to gather all the necessary evidence.
5-3,"The isolated island remained untouched, a virgin land waiting to be explored."
5-4,He blinked his eyes rapidly to clear his vision.
5-5,She emailed her colleague to discuss the project.
5-6,The construction work endangered the lives of nearby residents.
5-7,"The waves crashed against the shore, foaming and splashing."
5-8,He hastened to finish his work before the deadline.
5-9,She labored all night to finish her research paper.
5-10,The company planned to launch its new product next month.
5-11,He mowed the grass in the backyard to keep it tidy.
5-12,The satellite is designed to orbit the Earth.
5-13,She witnessed the accident and provided a detailed account to the police.
5-14,"Largely, the event was a success, with positive feedback from attendees."
5-15,They went to the cinema to watch the latest blockbuster movie.
5-16,The basement had a musty smell due to the damp caused by a water leak.
5-17,I read a daily news digest that summarizes the major headlines from around the world.
5-18,The organization advocates for equality and social justice.
5-19,Finding fulfillment in her career was her ultimate goal.
5-20,The company provided a guarantee for their products'' quality and performance.
5-21,He caught a fish using a hook attached to his fishing rod.
5-22,The incident caused a stir and drew media attention.
5-23,"The rocket launch was a success, propelling the spacecraft into space."
5-24,They walked at a brisk pace to reach their destination on time.
5-25,"The publisher rejected her manuscript, much to her disappointment."
5-26,His refusal to discuss the matter is very annoying.
5-27,His remark sparked a heated discussion among the group.
5-28,He submitted his resignation and left the company.
6-1,The greasy pizza left an oily residue on his hands.
6-2,She used a calculator to calculate the complex math problem.
6-3,The deer fled into the woods to escape from the predator.
6-4,The power plant fuels its generators with coal to produce electricity.
6-5,The bank is happy to loan money to small businesses.
6-6,I prefer poems that rhyme.
6-7,"We sleighed down the hill, feeling the rush of the cold wind against our faces."
6-8,He uploaded the photos to his social media account.
6-9,The association works to promote the interests of its members.
6-10,The politician launched a campaign to gain public support.
6-11,The candidate delivered a powerful speech during the rally.
6-12,They organized a celebration to mark the anniversary of their company.
6-13,The professor provided a detailed explanation of the scientific concept.
6-14,The book included colorful illustrations to enhance the reading experience.
6-15,His objective was to complete the project ahead of schedule.
6-16,The pirate sailed the high seas in search of hidden treasure.
6-17,She tried a natural remedy to relieve her headache.
6-18,He received a raise in salary for his outstanding performance.
6-19,She achieved a high status within the organization due to her hard work and dedication.
7-1,He had an adequate amount of time to complete the task.
7-2,The atomic bomb brought devastating destruction to the city.
7-3,Understanding fundamental principles is crucial in learning any subject.
7-4,The story had an imaginable plot with unexpected twists.
7-5,She had a peculiar way of speaking that made her stand out.
7-6,He needed to adapt to the new environment after moving to a different country.
7-7,Her cheeks turned red and she couldn''t help but blush.
7-8,He decided to consult with an expert before making a decision.
7-9,The loss of his job depressed him and affected his mood.
7-10,They went on a romantic honeymoon to a tropical paradise.
7-11,"Despite the challenges, they managed to overcome their obstacles."
7-12,The farm covered several acres of land.
7-13,The amusement park provided entertainment for all ages.
7-14,She flipped through the catalogue to browse the available products.
7-15,He studied chemistry to understand the composition of matter.
7-16,The spelling bee was a fierce contest among the participants.
7-17,His curiosity drove him to explore new ideas and concepts.
7-18,The departure of the train was delayed by 30 minutes.
7-19,The formation of the team took careful planning and organization.
7-20,He adjusted the gears on his bicycle for a smoother ride.
7-21,She studied grammar to improve her writing skills.
7-22,"The impact of the car crash was severe, causing extensive damage."
7-23,The Internet has revolutionized communication and access to information.
7-24,The announcement raised a storm of protest.
7-25,The painting was a representation of the artist''s emotions.
7-26,Her scold was stern and filled with disappointment.
7-27,"With a nonchalant shrug, he expressed his indifference to the outcome"
7-28,They took a shuttle bus to the airport for their flight.
7-29,"She felt a sudden urge to explore the unknown, a strong inner pull pushing her to step outside her comfort zone and embark on new adventures."
8-1,The broken vase was an accidental result of their rough play.
8-2,He was a distinguished professor with many accomplishments.
8-3,The magnetic force pulled the metal object towards it.
8-4,The cave paintings revealed insights into primitive human culture.
8-5,The concept of time is considered universal across different cultures.
8-6,They decided to abandon the old project and start fresh.
8-7,Please attach the document to your email before sending it.
8-8,The heavy object fell and crushed the fragile glass beneath it.
8-9,She devised a clever plan to solve the problem.
8-10,The coach disciplined the team by implementing strict training routines.
8-11,"After a long day, he dozed off on the couch."
8-12,"She dreaded the upcoming exam, feeling a knot of anxiety in her stomach."
8-13,The exhausting workout left him tired and drained.
8-14,They forbid their children from watching too much TV.
8-15,The meteorologist carefully analyzed the data and forecasted that tomorrow''s weather would be sunny.
8-16,She initialed each page of the document to indicate her approval and acknowledgment of its contents.
8-17,She intended to finish the book by the end of the week.
8-18,The argument between the two friends intensified as they disagreed.
8-19,He took a moment to reflect on his past experiences.
8-20,He made the difficult decision to resign from his job.
8-21,She resolved to work harder and achieve her goals.
8-22,"Despite the rain, they went ahead with their outdoor plans."
8-23,He received a monthly allowance from his parents.
8-24,"The stadium has a seating capacity of 50,000 spectators."
8-25,The clash between the two teams resulted in a heated argument.
8-26,She made a comment about the situation during the meeting.
8-27,The conductor led the orchestra with great skill.
8-28,He visited the doctor to get a check-up on his health.
8-29,The feeling of dread washed over him as he opened the email.
8-30,They exchanged warm greetings upon meeting each other.
8-31,Continuous learning is essential for personal growth.
8-32,She included a famous quotation in her presentation.
8-33,He used a screwdriver to tighten the loose screw.
8-34,They rode in a sleigh through the snowy landscape.
8-35,The surgeon performed a delicate operation on the patient.
8-36,He used a telescope to observe the stars in the night sky.
8-37,The proper usage of language is important for effective communication.
9-1,The artist created an abstract painting that left viewers contemplating its meaning.
9-2,Continuous improvement is crucial for success in any endeavor.
9-3,The minimum age requirement for the job is 18 years.
9-4,The city underwent rapid urban development in recent years.
9-5,She needed to adjust her schedule to accommodate the new project.
9-6,"The political candidate tirelessly campaigned across the country, holding rallies, giving speeches, and meeting with voters."
9-7,The train will depart from the station in five minutes.
9-8,The party was mostly attended by close friends and family.
9-9,She expressed her admiration for his talent and hard work.
9-10,The unexpected surprise brought great delight to everyone.
9-11,He wrote an insightful essay on the topic of climate change.
9-12,They gathered at the park to celebrate New Year''s Eve.
9-13,His keen observation skills helped him notice the smallest details.
9-14,The wedding reception was held in a grand ballroom.
9-15,They decided to go on a retreat to relax and recharge.
9-16,She made a quick sketch of the landscape before it changed.
9-17,"He is a sophomore in college, studying computer science."
10-1,The damp weather made everything feel wet and clammy.
10-2,They were amazed by the enormous size of the ancient monument.
10-3,Her remarkable talent for singing captivated the audience.
10-4,A spokesperson commented that levels of carbon dioxide were very high.
10-5,It can be challenging to interpret someone''s true intentions.
10-6,I didn''t mean to offend you with my words; it was unintentional.
10-7,He couldn''t control the sudden urge to sneeze.
10-8,The company urged its employees to work harder to meet the deadline.
10-9,The act violated the rules and regulations set by the organization.
10-10,She stored her belongings in the cabinet for safekeeping.
10-11,They used cement to build a strong foundation for the house.
10-12,The project must be completed by the deadline.
10-13,He had a vivid fantasy of traveling to distant galaxies.
10-14,The weather forecast predicted rain for the weekend.
10-15,Her generosity knew no bounds; she was always willing to help others.
10-16,The invasion of privacy is a serious violation of one''s rights.
10-17,The manufacturer produced high-quality products with precision.
10-18,He showed great modesty despite his achievements.
10-19,The fabric of her dress was made of nylon.
10-20,They went to see a breathtaking opera performance.
10-21,Her persuasion skills were influential in convincing others.
10-22,The word “cat“ has one syllable.
10-23,She is a true unique among the artists of her generation.
10-24,The violation of the law resulted in serious consequences.
11-1,She had a natural artistic talent and created beautiful paintings.
11-2,Graduates have to fight for jobs in a highly competitive market.
11-3,The book received critical acclaim for its unique storytelling.
11-4,She applied facial cream to keep her skin moisturized.
11-5,He was known for his gracious manners and polite demeanor.
11-6,I am grateful for all the support I have received.
11-7,The initial phase of the project involved planning and research.
11-8,We only meet on occasional weekends due to our busy schedules.
11-9,The software enables you to access the Internet in seconds.
11-10,"The team worked together to cement their friendship, building a strong bond through shared experiences and mutual trust."
11-11,The festival will climax on Sunday with a gala concert.
11-12,He worked hard to fulfill his dreams and aspirations.
11-13,The clay pottery hardened after being fired in the kiln.
11-14,The shepherd skillfully herded the sheep toward the desired destination.
11-15,It is not appropriate to insult others based on their appearance.
11-16,They oppose the construction of the new highway due to environmental concerns.
11-17,The citizens gathered to protest against government policies.
11-18,The author was excited to publish their first book.
11-19,She tried to retain all the important information in her memory.
11-20,The email attachment contained an important document.
11-21,She wore a cape to protect herself from the cold weather.
11-22,The convention attracted participants from all over the world.
11-23,They took the ferry to cross the river.
11-24,He is the founder of a successful tech startup.
11-25,The family had a joyful reunion after years of being apart.
11-26,The salesperson provided excellent service to the customers.
11-27,"There was a noticeable split in the group''s opinion, with half of the members supporting one idea while the other half favored a different approach."
11-28,The patient underwent surgery to remove a tumor.
12-1,The company went bankrupt and had to close its doors.
12-2,"After years of financial mismanagement, the company faced bankruptcy, leaving its employees uncertain about their future and the stability of their jobs."
12-3,The cooperative effort of the team led to their success.
12-4,She had a dynamic personality and was full of energy.
12-5,The heavy rain turned the ground muddy and slippery.
12-6,Her volunteer work at the shelter was entirely voluntary.
12-7,"After eating a large meal, it takes time for the body to digest the food."
12-8,He disadvantaged himself by arriving late to the job interview.
12-9,He tends to exaggerate his achievements to impress others.
12-10,The construction work had to halt due to bad weather conditions.
12-11,Patients with the disease should be isolated.
12-12,The new drug has not yet been licensed in the US.
12-13,Taking a break from work helped to relieve her stress.
12-14,The biography detailed the life of a famous historical figure.
12-15,The charity organization raised funds to support those in need.
12-16,The cheerful chirp of the birds in the morning created a delightful symphony
12-17,The conjunction “and“ connects two ideas in a sentence.
12-18,The factory is now a workers'' cooperative.
12-19,His savings were a comfortable cushion against financial problems.
12-20,They decided to get a divorce after years of unhappiness in their marriage.
12-21,She felt a deep sense of embarrassment when she tripped and fell in public.
12-22,His talent brought him fame and recognition in the industry.
12-23,"The car runs on fuel, such as gasoline or diesel."
12-24,Germs can spread easily through contact or contaminated surfaces.
12-25,"The store sells various goods, including clothing and electronics."
12-26,The breathtaking scenery served as inspiration for her paintings.
12-27,She applied makeup to enhance her features.
12-28,The minister delivered a powerful sermon at the church.
12-29,The Ministry of Health provides healthcare services to the population.
12-30,The panel of experts discussed the topic in great detail.
12-31,Active participation in class helps students to learn effectively.
12-32,He was known as a rebel for challenging the established norms.
12-33,Please include a complete list of references at the end of your research paper.
12-34,He made great sacrifices to support his family.
12-35,"As she grew older, wrinkles appeared on her face."
13-1,He was known for his honorable behavior and integrity.
13-2,The amount of money he donated was a mere fraction of his wealth.
13-3,"The weather was mild and pleasant, with a gentle breeze."
13-4,The obedient dog followed every command without hesitation.
13-5,The business grew rapidly and became prosperous.
13-6,The systematic approach to problem-solving improved efficiency.
13-7,"She downloaded the latest album from her favorite artist, excited to listen to the new songs and add them to her music library."
13-8,"Before the invention of telephones, people would telegraph messages across long distances using Morse code."
13-9,"Furthermore, he added that the project would require additional funding."
13-10,The authority figure in the organization made important decisions.
13-11,The beam of light illuminated the dark room.
13-12,She watched her calorie intake to maintain a healthy diet.
13-13,Constructive criticism can help individuals improve their skills.
13-14,The baby had dark eyes and dark curls.
13-15,The defense attorney presented a strong case in court.
13-16,The concert provided entertainment for the audience.
13-17,"He poured the soap into the water, creating a layer of foam."
13-18,"As a freshman in college, he was excited to start his academic journey."
13-19,She has an itch to travel.
13-20,She has coached many of our leading juniors.
13-21,There were certain limitations that hindered the progress of the project.
13-22,He took a measure of the room to determine its dimensions.
13-23,"Teaching is her chosen occupation, and she finds joy in it."
13-24,I learned German from scratch in six months.
13-25,The significance of the discovery was recognized by the scientific community.
14-1,The comic book made her laugh with its funny illustrations and witty dialogue.
14-2,The sunset painted the sky with divine colors.
14-3,"The service at the restaurant was lousy, with slow and inattentive staff."
14-4,"The weather was moderate, neither too hot nor too cold."
14-5,She only had a partial understanding of the topic and needed to learn more.
14-6,The speaker delivered a persuasive speech that convinced the audience.
14-7,He loved to compose music and spent hours at his piano.
14-8,The underdog team worked tirelessly to defeat their powerful opponents.
14-9,She flattered her boss to gain favor and improve her chances of promotion.
14-10,She flushed the toilet after using the bathroom.
14-11,The new education policy privileges the children of wealthy families.
14-12,Cleaning the house was always a chore that she disliked.
14-13,The disorder in his room made it difficult to find anything.
14-14,They had a dispute over the ownership of the land.
14-15,"He carefully made an insert into the document, adding a relevant and informative section."
14-16,The perfume had a pleasant and captivating scent.
14-17,He had a passion for photography and enjoyed capturing moments with his camera.
14-18,The preposition “in“ indicates location or position.
14-19,Protein is an essential nutrient for muscle growth and repair.
14-20,The satellite transmitted signals to communicate across long distances.
15-1,Academic pursuits require dedication and commitment to learning.
15-2,"Despite his contrary opinion, the team decided to proceed with the plan."
15-3,"The statue was made of copper, giving it a unique and rustic appearance."
15-4,The intermediate level of difficulty posed a challenge for the students.
15-5,The astronauts explored the lunar surface during the space mission.
15-6,Physical exercise is important for maintaining a healthy body.
15-7,"She was reluctant to try the new activity, but eventually gave it a chance."
15-8,The comedian''s jokes never failed to amuse the audience.
15-9,His constant interruptions started to annoy the speaker.
15-10,Germany hosted the World Cup finals.
15-11,The weather forecast predicted rain for the afternoon.
15-12,He sought assistance from his colleagues to complete the project.
15-13,The trees on campus are in blossom in June.
15-14,He enjoyed smoking a cigar on special occasions.
15-15,The high demand for the product led to increased production.
15-16,"Despite the discouragement, she persisted in pursuing her dreams."
15-17,The instructor delivered an engaging lecture on the topic.
15-18,I know I should stop smoking—don''t give me a lecture about it.
15-19,The historic monument stood tall as a symbol of the past.
15-20,The earthquake caused buildings to shake and people to panic.
15-21,They worked together to bring about reform in the education system.
15-22,The repetition of the chorus in the song created a catchy rhythm.
15-23,There was a sparkle of excitement in her eyes.
15-24,She possessed the virtue of kindness and always helped others.
16-1,The dress she wore to the wedding was appropriate for the occasion.
16-2,Handle the fragile items with delicate care.
16-3,He was furious when he discovered the damage to his car.
16-4,The garden was filled with plentiful fruits and vegetables.
16-5,The atmosphere in the room was tense as they awaited the results.
16-6,"The gymnast gracefully arched her back, demonstrating her flexibility and strength."
16-7,He disguised himself as a janitor to gain access to the restricted area.
16-8,The army was sent to occupy the disputed territory.
16-9,The designers have sacrificed speed for fuel economy.
16-10,We can only spare one room for you.
16-11,Winning the award was a great accomplishment for her.
16-12,She wrote an interesting article about the latest scientific discovery.
16-13,The barrier prevented access to the construction site.
16-14,"Despite his boasts that his children were brilliant, neither of them went to college."
16-15,The economy of the country experienced a downturn.
16-16,Her handwriting was neat and legible.
16-17,He took the lead in organizing the event.
16-18,The factory was equipped with advanced machinery.
16-19,"Madam, how may I assist you today?"
16-20,He cooked a delicious pasta dish for dinner.
16-21,The words in the poem were arranged in perfect rhyme.
16-22,Plug the charger into the socket to charge your device.
16-23,Good sportsmanship is important in any competition.
17-1,Consistent effort is key to achieving success.
17-2,She felt content and at peace as she sat by the fireplace.
17-3,The scientists conducted experimental research to test their hypothesis.
17-4,"The performance was fantastic, receiving standing ovations from the audience."
17-5,The noise from the construction site was tolerable with earplugs.
17-6,"I''m pleased to acquaint you with my colleague, who will be joining us."
17-7,The birds chirp cheerfully in the morning.
17-8,Please confine your pets to the designated area.
17-9,It''s important to evaluate the pros and cons before making a decision.
17-10,She had to grind the coffee beans before brewing a fresh cup.
17-11,A bus shuttles passengers back and forth from the station to the terminal.
17-12,The proposal would spark a storm of protest around the country.
17-13,The agent represented the actor in negotiating the contract.
17-14,The water dripped into the basin as she washed her hands.
17-15,The child''s behavior was well-mannered and polite.
17-16,Biology is the study of living organisms.
17-17,His contribution to the project was significant and greatly appreciated.
17-18,The critic gave a scathing review of the play.
17-19,The fresh salad included slices of cucumber.
17-20,She changed the baby''s diaper with care and efficiency.
17-21,The extent of the damage caused by the storm was immense.
17-22,Animals have natural instincts for survival and reproduction.
17-23,His argument was based on sound logic and reasoning.
17-24,The manual provides step-by-step instructions for operating the device.
17-25,The slogan of the campaign was catchy and memorable.
17-26,There are various species of birds found in the region.
17-27,She offered her sympathy to those affected by the tragedy.
17-28,The symphony orchestra performed a beautiful rendition of the classical piece.
17-29,She added a splash of vinegar to enhance the flavor of the dish.
18-1,The truth is absolute and cannot be changed.
18-2,She has ambitious goals and works hard to achieve them.
18-3,The cunning fox outsmarted the other animals in the forest.
18-4,There is a distinct difference between the two concepts.
18-5,My camera has manual and automatic functions.
18-6,Organic food is grown without the use of synthetic chemicals.
18-7,"With determination and perseverance, she was able to accomplish her goals."
18-8,The thrilling movie plot aroused excitement among the viewers.
18-9,He had to learn how to cope with the stress of his demanding job.
18-10,The price of the product decreased after the sale.
18-11,He defended his position during the debate with well-reasoned arguments.
18-12,She decided to invest her savings in the stock market.
18-13,He obtained the necessary permits for his construction project.
18-14,She regularly goes parachuting.
18-15,They were plotting to overthrow the government
18-16,The team worked hard to restore the old building to its former glory.
18-17,"While harboring a deep sense of anger and betrayal, he vowed to revenge himself on those who had wronged him."
18-18,He felt a sharp pain in his abdomen and went to see a doctor.
18-19,The atmosphere was filled with excitement and anticipation.
18-20,The calculation of the equation required advanced mathematical skills.
18-21,Blood circulation is vital for the body''s functioning.
18-22,The invention of the wheel was a significant development in human civilization.
18-23,The soldiers honored their fallen comrade with a solemn grave.
18-24,"The sun was setting on the horizon, painting the sky with beautiful colors."
18-25,Having insurance provides financial protection in case of unexpected events.
18-26,The laboratory (lab) was equipped with state-of-the-art equipment for scientific research.
18-27,The outcome of the experiment was in line with their expectations.
18-28,Going for a hike in the mountains is a popular form of recreation.
18-29,The homeless shelter provided a safe place for those in need.
19-1,She is an influential figure in the field of politics.
19-2,The luxurious hotel offered its guests top-notch amenities and services.
19-3,He had a highly productive day and accomplished all his tasks.
19-4,"In the market, dealers were bargaining with growers over the price of coffee."
19-5,Their music blends traditional and modern styles.
19-6,She was able to convince her colleagues to support her proposal.
19-7,"Despite facing challenges, he managed to endure and achieve his goals."
19-8,The motivational speaker inspired the audience with his powerful words.
19-9,"The government aimed to reform the education system, implementing new policies and strategies to improve the quality of education."
19-10,Can you summarize the main points of the article for me?
19-11,Adjective is a word used to describe or modify a noun.
19-12,She received a beautiful bracelet as a gift from her friend.
19-13,The congress was attended by delegates from different countries.
19-14,"Every action has consequences, so it''s important to think before you act."
19-15,The content of the book was informative and engaging.
19-16,Damn is considered a profanity and should be used sparingly.
19-17,She enjoyed a refreshing grapefruit for breakfast.
19-18,The sudden halt of the train startled the passengers.
19-19,A great cheer went up from the crowd as they caught sight of their idol.
19-20,The secret ingredient in the recipe added a unique flavor to the dish.
19-21,"She had good intentions when she started the project, but it didn''t go as planned."
19-22,He took out a loan from the bank to buy a new car.
19-23,The pioneer explored uncharted territories and discovered new lands.
19-24,The preservation of historical artifacts is essential for future generations.
19-25,Psychology is the scientific study of the human mind and behavior.
19-26,There is a tendency for people to procrastinate when faced with difficult tasks.
19-27,He graduated from a prestigious university with a degree in engineering.
19-28,The eruption of the volcano caused widespread destruction and ashfall.
20-1,The fertile soil was perfect for growing crops.
20-2,The functional design of the new gadget made it easy to use.
20-3,"The twins looked nearly identical, making it difficult to tell them apart."
20-4,He reassured her that everything would be fine.
20-5,The construction workers began to concrete the foundation of the building.
20-6,She had to confess her mistake to clear her conscience.
20-7,He decided to devote his time and energy to helping others.
20-8,Please enclose the required documents with your application.
20-9,They set out to explore the uncharted wilderness.
20-10,"The cat scratched the furniture, leaving marks behind."
20-11,The horror movie was so intense that it terrified the audience.
20-12,"Our favorite restaurant was closed, so we had to go elsewhere."
20-13,The adjustment of the chair made it more comfortable to sit in.
20-14,Capitalism is an economic system based on private ownership and free markets.
20-15,The artist''s creation was a beautiful sculpture made of marble.
20-16,He studied economics in college to understand how markets work.
20-17,"She ran errands for her elderly neighbor, helping with groceries and other tasks."
20-18,The examinee prepared for the exam by reviewing past papers.
20-19,The constant delays and setbacks caused frustration among the team.
20-20,The identification of the suspect was made through fingerprint analysis.
20-21,He stored his belongings in a locker at the train station.
20-22,The philosopher pondered the meaning of life and existence.
20-23,The presenter delivered an engaging and informative presentation.
20-24,A basic sense of rhythm and pitch is essential in a music teacher.
20-25,They demanded (an) unconditional surrender.
21-1,He felt miserable after losing his job.
21-2,The timid cat hid under the bed whenever guests came over.
21-3,They had to assemble the furniture following the provided instructions.
21-4,She wanted to contribute to the community by volunteering at the local shelter.
21-5,The building project will be financed by the government.
21-6,The young artist rebelled against conventional norms.
21-7,She scolded her children for not doing their homework.
21-8,He sketched a beautiful landscape in his notebook.
21-9,The sunlight made the ocean water sparkle.
21-10,The trees swayed in the gentle breeze.
21-11,The caterpillar transformed into a butterfly.
21-12,She made a new acquaintance at the conference.
21-13,He enjoyed a glass of alcohol at the end of a long day.
21-14,The pressure and stress caused her anxiety.
21-15,She packed her backpack with books and supplies for the trip.
21-16,The teacher asked the students to read in chorus.
21-17,The story reached its climax with a thrilling twist.
21-18,The complex instructions caused confusion among the participants.
21-19,He used the counter to prepare meals in the kitchen.
21-20,The cruelty towards animals shocked everyone.
21-21,The lack of experience was a disadvantage in the competition.
21-22,He used the latest equipment to capture stunning photographs.
21-23,The escalator carried them effortlessly to the next floor.
21-24,The establishment of the new company created job opportunities.
21-25,The younger generation is more tech-savvy than their parents.
21-26,"He played the harmonica at the street corner, entertaining passersby."
21-27,His comments were seen as an insult to the president.
21-28,The conference brought together some of the brightest intellectuals from various fields.
21-29,"The landslide blocked the road, causing traffic delays."
21-30,The lecturer gave an engaging presentation on the topic.
21-31,The legend of King Arthur has been passed down through generations.
21-32,The children''s mischief resulted in a mess in the living room.
21-33,She overcame every obstacle to achieve her goals.
21-34,The physicist conducted groundbreaking research in quantum mechanics.
21-35,The community embraced tolerance and diversity.
21-36,The wizard performed magic tricks that amazed the audience.
22-1,He felt ashamed of his actions and apologized sincerely.
22-2,The audio quality of the recording was excellent.
22-3,The permanent marker left a stain on the whiteboard.
22-4,She sought spiritual guidance during a difficult time.
22-5,He used words to convey his feelings and thoughts.
22-6,They needed to enlarge the image to see the details clearly.
22-7,"The hiker was equipped with a backpack, hiking boots, and a map."
22-8,"The legal profession is still a largely male world, as evidenced by the small number of women judges."
22-9,She frowned upon the disrespectful behavior.
22-10,They interacted with each other through social media.
22-11,The stars began to twinkle in the night sky.
22-12,She decided to volunteer at the local shelter to help those in need.
22-13,The acid burned through the metal surface.
22-14,The loud alert from the fire alarm jolted everyone in the building.
22-15,Honesty is a characteristic valued in our society.
22-16,The convenience of online shopping made it popular among consumers.
22-17,The government attempts to halt the drift toward war.
22-18,The art gallery featured a stunning exhibit of paintings by renowned artists from around the world.
22-19,She enjoyed reading works of fiction in her free time.
22-20,The counterfeit product was a poor imitation of the original.
22-21,An immigrant is a person who comes to live permanently in a foreign country.
22-22,The heavy rainfall caused a mudslide in the mountainous region.
22-23,Her hard work and dedication earned her a promotion.
22-24,He made a resolution to exercise regularly and lead a healthier lifestyle.
22-25,The success of the project brought her great satisfaction.
22-26,The submarine explored the depths of the ocean.
22-27,The tragedy left the community in shock and mourning.
22-28,She now helps in a local school as a volunteer three days a week.
23-1,Be alert and watchful for any signs of danger.
23-2,The repetitive task became tiresome after a while.
23-3,She has a unique sense of style that sets her apart from others.
23-4,He had to cram for the exam because he didn''t study earlier.
23-5,The children need to be ferried to and from school.
23-6,She was too nervous to speak and had to be prompted.
23-7,"Amidst the chaos, she remained calm and focused."
23-8,He offered a sincere apology for his mistake.
23-9,The soldier carried his arms as he marched.
23-10,The community came together to support each other during the crisis.
23-11,She spoke with confidence and conviction.
23-12,She wore a stunning costume to the masquerade ball.
23-13,The empire was known for its vast territory and power.
23-14,He added a pinch of ginger to the recipe for extra flavor.
23-15,The hardware store sells tools and building materials.
23-16,The inspection revealed some minor issues that needed to be addressed.
23-17,He found relaxation by taking long walks in nature.
23-18,"The fire completely destroyed the old building, leaving only ruins."
23-19,The enthusiastic salesman pitched his product to potential customers.
23-20,She made a helpful suggestion to improve the project.
24-1,"He is just an amateur musician, but he plays with passion."
24-2,The answer to the question is definite and clear.
24-3,Be careful not to touch those poisonous plants.
24-4,"The two rival soccer teams clashed on the field, fiercely competing for victory."
24-5,He stood up to declare his support for the cause.
24-6,The sun began to emerge from behind the clouds.
24-7,"Can you fetch me a glass of water, please?"
24-8,The country aimed to industrialize its economy and create more jobs.
24-9,The virus has the potential to infect a large number of people.
24-10,It''s important to preserve our natural resources for future generations.
24-11,Forest fires were raging out of control.
24-12,He needed to revise his essay before submitting it.
24-13,She couldn''t help but feel slighted when her ideas were dismissed in the meeting.
24-14,He decided to withdraw from the competition due to personal reasons.
24-15,The company holds a conference yearly to discuss its progress.
24-16,The acceptance of his proposal was met with enthusiasm.
24-17,The team celebrated their championship victory with great joy.
24-18,The civilians were evacuated from the war-torn area.
24-19,"The hiker stood at the edge of the cliff, admiring the view."
24-20,"The building''s structure was compromised, leading to its collapse."
24-21,The detective was determined to solve the mystery.
24-22,The examiner carefully analyzed the evidence.
24-23,They stayed at a budget-friendly hostel during their trip.
24-24,He maintained his innocence throughout the trial.
24-25,Her intelligence and quick thinking impressed everyone.
24-26,With age comes maturity and wisdom.
24-27,He had a thick mustache that he groomed with care.
24-28,The objection raised valid concerns about the proposed plan.
24-29,The physician examined the patient and prescribed medication.
24-30,A sparrow chirped happily in the tree.
24-31,She enjoyed a bowl of creamy yogurt for breakfast.
25-1,The movie was very emotional and brought tears to my eyes.
25-2,"Despite the challenges, she remained hopeful for a better future."
25-3,His imaginative mind allowed him to create fascinating stories.
25-4,Her performance was outstanding and received a standing ovation.
25-5,The portable device allowed him to work on the go.
25-6,His precise instructions ensured that the task was completed accurately.
25-7,The singer had a singular talent that captivated the audience.
25-8,The desert stretched out in vast expanse before them.
25-9,Good sleep is vital for overall health and well-being.
25-10,They went backpacking in Spain last year.
25-11,The company was almost bankrupted by legal costs. 
25-12,The atoms bond together to form a molecule. 
25-13,"With determination and perseverance, she managed to conquer her fears."
25-14,The course had been geared towards the specific needs of its members.
25-15,She shifted her focus to a new project.
25-16,The government''s current plans run counter to the agreed policy on this issue. 
25-17,They stroll leisurely along the beach.
25-18,Her accent revealed her foreign origin.
25-19,The cord connected the computer to the power outlet.
25-20,The economist analyzed the current market trends.
25-21,The store specialized in selling electronics.
25-22,The enforcement of laws is crucial for maintaining order in society.
25-23,His repeated failure to complete assignments and study for exams resulted in a series of flunks.
25-24,I caught a glimpse of her in the crowd.
25-25,Hurry! We need to finish this task with haste.
25-26,His motivation and dedication led him to achieve great success.
25-27,He bought a souvenir to remember his trip.
25-28,The website provided valuable information on the topic.
25-29,The government implemented welfare programs to support the disadvantaged.
26-1,Technological advancements have revolutionized various industries.
26-2,Talks between management and unions have collapsed.
26-3,She carefully cushioned the fragile item with bubble wrap to protect it during transit.
26-4,The children were drilled to leave the classroom quickly when the fire bell rang. 
26-5,The firefighter hosed the burning car.
26-6,"Sometimes, we overlook the small details that can make a big difference."
26-7,I will refer to the manual for instructions on how to assemble the furniture.
26-8,She strives for excellence in everything she does.
26-9,His loyal dog was a faithful companion.
26-10,He faced his major competitor in the race.
26-11,The context of the situation provided a better understanding of the issue.
26-12,The natural disaster caused widespread destruction.
26-13,The radio operates at a high frequency.
26-14,The gulf between their opinions seemed impossible to bridge.
26-15,The hurricane brought strong winds and heavy rainfall.
26-16,The location of the meeting was changed at the last minute.
26-17,"They spoke in a low murmur, making it difficult to hear."
26-18,He suffered a stroke and was hospitalized.
27-1,The garden was filled with delightful flowers and vibrant colors.
27-2,"Unfortunately, the accident proved to be fatal."
27-3,The ballet dancer moved across the stage with graceful movements.
27-4,She had a modest demeanor and didn''t seek attention.
27-5,The care of the environment is of prime importance.
27-6,The energetic child had a youthful spirit.
27-7,"He skillfully corked the bottle of wine, twisting the cork firmly into the neck to seal it."
27-8,"The strong winds disorder the neatly arranged papers on the desk, scattering them in all directions and creating a mess."
27-9,She could imitate the voices of various celebrities.
27-10,Regular exercise can help strengthen your muscles.
27-11,The chef used a blend of spices to enhance the flavor of the dish.
27-12,The consumer had the right to return the faulty product.
27-13,In the end the contrary was proved true.
27-14,The diplomat worked on building international relations.
27-15,She trained for months to participate in the marathon.
27-16,The memorial was erected to honor the fallen soldiers.
27-17,"They rode down the hill on a sledge, enjoying the snow."
28-1,The feedback he received was constructive and helped him improve his work.
28-2,The dense fog made it difficult to see the road ahead.
28-3,The elementary school provides education to young children.
28-4,It is important to follow lawful rules and regulations.
28-5,He always carries a spare tire in case of a flat.
28-6,The librarian diligently cataloged each new book that arrived at the library.
28-7,His statement seemed to imply that he knew more than he was saying.
28-8,We still lag far behind many of our competitors in using modern technology.
28-9,"Nevertheless, she persisted and achieved her goals."
28-10,He tried to recall the details of the conversation.
28-11,They asked everyone to register for the event in advance.
28-12,"The kind-hearted woman decided to shelter the stray cat, providing it with food, water, and a warm place to stay."
28-13,"Concerning the matter at hand, we need to gather more information."
28-14,The team accepted the bitter defeat with disappointment.
28-15,The evidence presented in court proved his innocence.
28-16,"The seagull soared above the beach, searching for food."
28-17,He enjoyed a glass of fine liquor at the end of the day.
28-18,They formed a partnership to start a new business venture.
28-19,Prevention is always better than cure when it comes to health.
28-20,The pronoun “he“ refers to a male person or object.
28-21,He flies into a rage if you even mention the subject.
28-22,She made a reservation at the hotel for her upcoming trip.
28-23,They faced strong resistance in their fight for justice.
28-24,The construction site was busy with workers and machinery.
28-25,The stem of the flower supported the beautiful blossom.
28-26,They walked through the underpass to cross the busy road.
29-1,He is an associate professor at the university.
29-2,They have a mutual understanding and support each other in their endeavors.
29-3,"The disappearance of the painting remains mysterious, with no clear explanation."
29-4,She is pregnant and expecting her first child in a few months.
29-5,The psychological impact of the event was significant and required therapy.
29-6,It was a tragic accident that claimed the lives of several people.
29-7,It is important to classify information properly for easy retrieval.
29-8,I would like to congratulate you on your well-deserved success.
29-9,He paced back and forth in the room.
29-10,She bravely pioneered new ideas and techniques in her field.
29-11,"Namely, I am referring to the specific incident that occurred last week."
29-12,"Roughly speaking, the project is expected to take around six months to complete."
29-13,The adverb modifies the verb and provides additional information about the action.
29-14,"He is a talented composer, known for his beautiful melodies."
29-15,Creativity is the driving force behind innovative ideas and artistic expression.
29-16,"She proudly displayed her diploma on the wall, symbolizing her educational achievement."
29-17,They live in the same district and attend the same school.
29-18,The estimate for the project cost was higher than expected.
29-19,She is an exception to the rule and stands out from the crowd.
29-20,The company announced plans for expansion into new markets.
29-21,The farewell party was an emotional event as they bid goodbye to their dear friend.
29-22,The fort was strategically built to defend against enemy attacks.
29-23,Inflation has caused prices to rise steadily over the years.
29-24,They showed mercy and forgave him for his mistakes.
29-25,He was the victim of a pickpocket who stole his wallet in the crowded street.
29-26,Her latest publication received critical acclaim and positive reviews.
29-27,The teacher called the register.
29-28,The translation of the book was accurate and captured the essence of the original text.
29-29,"It was a great triumph for the team, winning the championship after years of hard work."
30-1,"He is known for being clumsy, often tripping over his own feet."
30-2,"The detective work required a keen eye, sharp intuition, and a methodical approach to unraveling complex mysteries."
30-3,She is professional in her field and has years of experience.
30-4,The movie portrayed a realistic depiction of life in a small town.
30-5,The sympathetic counselor listened attentively to her client''s concerns.
30-6,The tribal council gathered to discuss important matters affecting their community.
30-7,He accused her of stealing his wallet without any evidence.
30-8,She worked hard to acquire new skills and improve herself.
30-9,The children couldn''t help but giggle at the clown''s funny antics.
30-10,They hired a technician to install the new software on their computers.
30-11,The project will involve various stakeholders from different departments.
30-12,"He knuckled down and focused on his studies, determined to improve his grades and achieve academic success."
30-13,"They decided to landscape their backyard, planting trees, flowers, and shrubs."
30-14,I completely misunderstood her intentions.
30-15,"After many years of hard work, he decided to retire and enjoy his golden years."
30-16,"Six people were killed in the riot, including a policeman. "
30-17,They celebrated their 25th wedding anniversary with a romantic dinner.
30-18,She scheduled an appointment with the doctor to discuss her health concerns.
30-19,They had an unexpected encounter while traveling in a foreign country.
30-20,The graduation ceremony marked the end of their academic journey and the beginning of a new chapter.
30-21,He carried a sense of guilt for his past mistakes and tried to make amends.
30-22,She proudly embraced her nationality and celebrated her cultural heritage.
30-23,The singer''s popularity skyrocketed after the release of her hit single.
30-24,He is a top professional within the industry.
30-25,There is a general recognition of the urgent need for reform. 
30-26,My brother is my senior by two years. 
30-27,The game was a long battle of wits. 
31-1,It is easier to think in concrete terms rather than in the abstract.
31-2,The defendant''s lawyer presented a defensible argument in court.
31-3,The room was messy with clothes and papers strewn all over the floor.
31-4,They lived in a rural area surrounded by vast fields and farms.
31-5,Her suspicious behavior raised concerns among her colleagues.
31-6,Can you cue me when you want me to begin speaking?
31-7,“Damn it!” he exclaimed in frustration.
31-8,The family gathered around the table to feast on a bountiful Thanksgiving dinner.
31-9,"Nowadays, people rely heavily on technology for communication and daily tasks."
31-10,She provided assurance that everything would be taken care of.
31-11,The composition of the painting was a blend of vibrant colors and intricate details.
31-12,The success of the project relied on the cooperation of all team members.
31-13,He solved the Rubik''s Cube puzzle in record time.
31-14,He muttered a curse at the other driver. 
31-15,She sought professional help for her depression and received treatment.
31-16,The distribution of the products was carefully planned to reach a wide audience.
31-17,"He pursued a career in engineering, designing innovative solutions."
31-18,She gave a nervous giggle.
31-19,The detective conducted a thorough investigation to solve the crime.
31-20,Apples is the plural of “apple“.
31-21,They implemented cost reduction strategies to improve profitability.
31-22,John took her comment as a slight on his abilities as a manager. 
32-1,Buying energy-efficient appliances can lead to more economical energy consumption.
32-2,He was ignorant of the facts and made false assumptions.
32-3,The loyal dog stayed by his owner''s side through thick and thin.
32-4,She had a sorrowful expression on her face after hearing the bad news.
32-5,The spicy food made his taste buds tingle.
32-6,"The team''s performance was tremendous, winning by a large margin."
32-7,Could you please clarify what you meant by that statement?
32-8,This sweater really itches.
32-9,The earthquake caused buildings to quake and people to panic.
32-10,They decided to retreat and find a safer location.
32-11,The explorers voyaged across the vast ocean in search of new lands.
32-12,The council members gathered to discuss important matters of the community.
32-13,The bomb was packed with several pounds of high explosive.
32-14,The art gallery exhibited stunning paintings and sculptures.
32-15,"The helicopter hovered above the ground, ready for takeoff."
32-16,The intensity of the storm was felt through strong winds and heavy rain.
32-17,The landscape was filled with lush green fields and towering mountains.
32-18,His insensitive remark caused offense among his colleagues.
32-19,Environmental measures were taken to reduce pollution in the city.
32-20,The porter helped carry their luggage to the hotel room.
32-21,She was in pursuit of her dreams and never gave up.
32-22,"He was a skilled sportsman, excelling in various athletic competitions."
32-23,The sway of the trees in the breeze created a calming effect.
33-1,Financial stability is important for long-term security and peace of mind.
33-2,Eating a healthful diet and exercising regularly contribute to overall well-being.
33-3,She is known for her intelligent insights and thoughtful analysis.
33-4,He has a deep appreciation for literary works and enjoys reading novels and poetry.
33-5,The grand palace showcased magnificent architecture and exquisite artwork.
33-6,The tough competition pushed him to work harder and improve his skills.
33-7,Various factors constitute the overall success of a project or endeavor.
33-8,Your account of events does not correspond with hers.
33-9,The cat curled into a ball and went to sleep.
33-10,The boat started to drift aimlessly on the open sea.
33-11,The art museum will exhibit a collection of contemporary paintings.
33-12,They decided to extend the deadline to give participants more time to submit their entries.
33-13,The window was frosted up. 
33-14,The fully furnished apartment had everything they needed for a comfortable stay.
33-15,Laws are in place to regulate the behavior of individuals and maintain order in society.
33-16,The outcome of the trial depended on the specific circumstances of the case.
33-17,The classification of animals into different species is based on specific characteristics.
33-18,They gathered around the table to enjoy a festive feast together.
33-19,His frown showed his disapproval and discontent.
33-20,The initial stages of a project require careful planning and preparation.
33-21,Input from various stakeholders is crucial for making informed decisions.
33-22,Smart investment strategies can lead to financial growth and security.
33-23,"The teacher gave a prompt to the students, asking them to write a short story."
33-24,Extensive research was conducted to gather relevant data and insights.
33-25,He looked forward to his retirement and enjoying a life of leisure.
33-26,The sound of surf is breaking on the beach. 
33-27,Public transportation plays a vital role in connecting people and reducing traffic congestion.
34-1,She wore an elegant dress that caught everyone''s attention at the party.
34-2,Regular exercise had become a habitual part of his daily routine.
34-3,The documentary provided informative insights into the history of the region.
34-4,The new project shows promising potential for success and growth.
34-5,His shortsighted approach to problem-solving often led to unnecessary complications.
34-6,He liked to boast about his achievements and exaggerate his accomplishments.
34-7,The news article started to circulate widely on social media.
34-8,It''s important to consume a balanced diet for overall health and well-being.
34-9,Negative comments can discourage individuals from pursuing their goals.
34-10,I wish my mother would stop interfering and let me make my own decisions. 
34-11,She regretted neglecting her studies and realized the importance of education.
34-12,The computer game is pirated. 
34-13,Can I stroke your dog? 
34-14,It''s important to translate the document accurately to maintain its meaning.
34-15,"Regarding your question, I would suggest seeking advice from an expert."
34-16,The book aims to cover all aspects of city life. 
34-17,The scenic beauty of the countryside was a major attraction for tourists.
34-18,They managed to strike a bargain and agreed on a favorable price.
34-19,The billionaire entrepreneur is a prominent capitalist who has built a successful business empire.
34-20,The constitution defines the fundamental laws and principles of a nation.
34-21,The construction of the new building is expected to be completed by next year.
34-22,The contrast between the two paintings was striking.
34-23,The demonstration attracted a large crowd and garnered media attention.
34-24,She placed the photo in a beautiful frame and displayed it on the wall.
34-25,Oxygen is essential for the survival of all living organisms.
34-26,"The pebble skipped across the water, creating ripples."
34-27,He valued his privacy and preferred to keep his personal life private.
34-28,The singular of “bacteria“ is “bacterium“. 
34-29,She loved the peaceful surroundings of the countryside.
35-1,"After losing his job, he was broke and struggled to make ends meet."
35-2,The flowers emitted a fragrant scent that filled the room.
35-3,The mechanical device was designed to automate repetitive tasks.
35-4,The business venture proved to be profitable and generated significant revenue.
35-5,Please be prompt in submitting your assignments by the given deadline.
35-6,The teacher will assign different tasks to each student.
35-7,He anxiously awaited the arrival of his loved ones at the airport.
35-8,They decided to breed their dogs to produce puppies with desirable traits.
35-9,The manager had to dismiss the employee due to repeated misconduct.
35-10,The country''s largest corporation continued to dominate the market.
35-11,It was difficult to identify the source of the strange noise in the dark.
35-12,She was proud to possess a collection of rare antique books.
35-13,Taking a short break can refresh your mind and increase productivity.
35-14,They''re researching into ways of improving people''s diet.
35-15,The latest news was announced through a bulletin posted on the bulletin board.
35-16,She flipped through the catalog to find the product she was looking for.
35-17,Experts from around the world gathered at the conference to share their knowledge.
35-18,The natural disaster caused widespread destruction and loss of life.
35-19,The gruesome details of the crime filled him with disgust.
35-20,Geneticists study the role of genes in determining traits and characteristics.
35-21,The intense hatred between the rival factions led to violent conflicts.
35-22,The invention of the light bulb revolutionized the way we live.
35-23,She had a recurring nightmare that haunted her sleep.
35-24,The phenomenon of the Northern Lights is a breathtaking natural display.
35-25,The talented pianist performed a beautiful concerto to a captivated audience.
35-26,He practiced the pronunciation of difficult words to improve his language skills.
35-27,The city was gripped by terror as a series of bombings occurred.
36-1,The conventional method proved to be effective in solving the problem.
36-2,"The painting had an oval shape, giving it a unique appearance."
36-3,Solar energy is a renewable and clean source of power.
36-4,"She contented herself with the simple pleasures of life, finding joy and satisfaction in the small moments."
36-5,The police were determined to enforce the law and maintain order.
36-6,The magician''s performance was entertaining and captivated the audience.
36-7,"Unfortunately, he flunked his exam and had to retake it."
36-8,She received her paycheck monthly on the last day of each month.
36-9,He was granted access to the restricted area after showing his identification.
36-10,The bridegroom was nervous but excited on his wedding day.
36-11,The waitress served the customers with courtesy and a smile.
36-12,She had a crush on her classmate and blushed whenever he was around.
36-13,This skirt needs some new elastic in the waist. 
36-14,The electrician fixed the wiring and restored power to the house.
36-15,"His loyalty to his friends was unwavering, and he stood by them in difficult times."
36-16,I enjoy reading that fashion monthly; it always has interesting articles.
36-17,The dog''s obedience was impressive; it followed commands without hesitation.
36-18,The plot of the novel took unexpected twists and turns.
36-19,He threw the spear with great precision and hit the target.
36-20,She cracked open the walnut to reveal the delicious nut inside.
37-1,He felt awkward in social situations and often didn''t know what to say.
37-2,Digital technology has revolutionized the way we communicate and access information.
37-3,The dominant team won the game with a significant lead.
37-4,The elastic band stretched easily and then snapped back into place.
37-5,It was evident from his actions that he was not happy with the situation.
37-6,She spoke fluent French and impressed everyone with her language skills.
37-7,"He was a junior member of the team, but he showed great potential."
37-8,The region was known for its mountainous terrain and scenic beauty.
37-9,There was only a slight difference between the two options.
37-10,"Submarine cables transmit vast amounts of data across the world, facilitating global communication and internet connectivity."
37-11,She received a yearly bonus as part of her employment contract.
37-12,She decided to associate herself with a reputable organization that aligned with her values and goals.
37-13,The ball bounced off the wall and rolled across the room.
37-14,The issue is complicated by the fact that a vital document is missing.
37-15,She needed to concentrate and focus on her studies to achieve her goals.
37-16,The UN has demanded that all troops be withdrawn. 
37-17,The goal was to eliminate waste and promote sustainability.
37-18,Many people immigrate to new countries in search of better opportunities.
37-19,The teacher instructed the students on how to solve the math problem.
37-20,He leaned against the wall and took a moment to rest.
37-21,"He pedaled his bicycle uphill, exerting great effort."
37-22,She kept peering over her shoulder.
37-23,Recycling helps to reduce waste and protect the environment.
37-24,The tournament is open to both amateurs and professionals.
37-25,The cargo was carefully loaded into the container for transportation.
37-26,Food will last longer if kept in an airtight container.
37-27,There has been some decrease in the number of visitors since the COVID-19.
37-28,She put on her earphones and listened to her favorite music.
37-29,The efficiency of the new system improved productivity.
37-30,There has been a shift of emphasis from manufacturing to service industries. 
37-31,The photographer''s work received wide exposure in art galleries.
37-32,She put on her headphones and enjoyed her favorite songs.
37-33,"His homeland held a special place in his heart, and he missed it dearly."
37-34,They divided the household chores among family members.
37-35,The doctor prescribed antibiotics to treat the infection.
37-36,The singer''s intonation and expression conveyed the emotion of the song.
37-37,The mechanic repaired the car''s engine and got it running smoothly.
37-38,The scientist examined the specimen under the microscope.
37-39,She strived for perfection in everything she did.
37-40,Access to education is a privilege that should be available to all.
37-41,She followed the recipe and prepared a delicious meal.
37-42,Her sincerity and honesty won the trust of those around her.
37-43,He decided to become a vegetarian and stopped eating meat.
38-1,"The lion let out a fierce roar, asserting its dominance."
38-2,The sunset painted the sky in glorious shades of orange and pink.
38-3,She was praised for her grammatical accuracy in her writing.
38-4,The harsh winter weather made it difficult to go outside.
38-5,"He was tall, lean and handsome."
38-6,We live in a plural society. 
38-7,He was known for his respectable behavior and manners.
38-8,Dealing with a difficult customer can be troublesome.
38-9,He had to apologize for his mistake and make amends.
38-10,They worked together to distribute the supplies to those in need.
38-11,The misleading advertisement made false claims about the product.
38-12,This problem can be remedied. 
38-13,I hope we could go sledging. 
38-14,She had been training in ballet since she was a child.
38-15,The blade of the knife was sharp and shiny.
38-16,The athletes trained hard for the upcoming competition.
38-17,He popped open the champagne bottle and pulled out the cork.
38-18,The dynasty ruled the country for several centuries.
38-19,The scientist discovered a fossil of a prehistoric creature.
38-20,He was regarded as a genius in the field of mathematics.
38-21,They went on their honeymoon to a tropical paradise.
38-22,The parents took good care of their infant.
38-23,The doctor explained the procedure to the patient before the surgery.
38-24,The rescue operation failed. 
38-25,He used an electric shaver to shave his beard.
38-26,"“Run“, “jump“, and “sing“ are all examples of verbs."
39-1,"He spoke with earnest sincerity, expressing his true feelings."
39-2,Education is an essential aspect of personal and professional development.
39-3,She pushed herself to her maximum potential during the race.
39-4,"Without her glasses, she was nearsighted and had difficulty seeing things far away."
39-5,He was so vain that he spent hours admiring himself in the mirror.
39-6,She asked her friend to accompany her to the party.
39-7,He hit his head as he stood up and cursed loudly. 
39-8,She glimpsed a shooting star streaking across the night sky.
39-9,"When asked about his plans, he just shrugged and said he hadn''t decided yet."
39-10,She eagerly awaited her parents'' approval of her achievements.
39-11,The students gathered in the auditorium for the assembly.
39-12,He works as an associate at a law firm.
39-13,They spent their vacation in a cozy cottage by the lake.
39-14,The studio had all the essentials like heating and running water. 
39-15,The constant grind of daily responsibilities and obligations can sometimes leave us feeling overwhelmed and exhausted.
39-16,The housewife took care of the household chores and responsibilities.
39-17,Immigration policies are subject to government regulations and procedures.
39-18,He kept a close eye on the monitor to track the progress of the experiment.
39-19,The rose petal had a delicate and pleasant fragrance.
39-20,I give the vase a polish now and again.
39-21,"In his prime, he was a successful athlete at the peak of his career."
39-22,The country experienced a period of prosperity with a booming economy.
40-1,"The weather was agreeable, with a gentle breeze and warm sunshine."
40-2,She considered herself fortunate to have such loving and supportive friends and family.
40-3,He was known for his intellectual curiosity and love for learning.
40-4,"She was a prominent figure in the field of medicine, with many groundbreaking discoveries."
40-5,He was very respectful at home and obedient to his parents.
40-6,The invention of the internet was a revolutionary development that changed the world.
40-7,"He was known for his tolerant and inclusive views, accepting people from all walks of life."
40-8,The situation required urgent attention and immediate action.
40-9,They held weekly meetings to discuss progress and address any issues.
40-10,They decided to broil the steak for a delicious and flavorful meal.
40-11,The two teams agreed to cooperate and work together for a common goal.
40-12,He used a nutcracker to crack open the shell and enjoy the tasty walnut inside.
40-13,She dyed her hair a vibrant shade of blue for a bold and unique look.
40-14,He carefully inserted the key into the lock and turned it to open the door.
40-15,The twins resembled each other so closely that they often confused people.
40-16,The disagreement between them stemmed from a fundamental difference in their perspectives and values.
40-17,They went to the beach to surf and catch some waves.
40-18,"Atoms are the building blocks of matter, consisting of a nucleus and electrons."
40-19,The Renaissance era was a period of great artistic and intellectual flourishing.
40-20,Humanity has made significant advancements in science and technology.
40-21,Good interaction skills are important for effective communication and collaboration.
40-22,He obtained a driver''s license after passing the required tests.
40-23,He wrote notes in the margin of his textbook to highlight important information.
40-24,"She was my relative, a distant cousin I hadn''t seen in years."
40-25,The revolution brought about significant changes in the social and political landscape.
40-26,"Her uncontrollable sobs echoed through the room, as grief and sadness overwhelmed her."
41-1,She had multiple tasks to complete before the deadline.
41-2,His behavior was shameful and caused embarrassment to everyone.
41-3,The news of their engagement delights their friends and family.
41-4,The company planned to expand its operations into new markets.
41-5,The student confidently recited the poem in front of the class.
41-6,"The package arrived overnight, much to their surprise."
41-7,He had scarcely finished speaking when the phone rang.
41-8,"She worked as an accountant, meticulously managing financial records."
41-9,The kitchen utensils were made of lightweight aluminum.
41-10,She felt a warm blush rise to her cheeks.  
41-11,The carrier pigeon delivered the message to its destination.
41-12,A conservative is someone who generally holds traditional values and beliefs.
41-13,It took energy and cunning just to survive. 
41-14,The driver lost control on a curve and the vehicle hit a tree. 
41-15,The air in the busy city was filled with the noxious fumes of car exhaust.
41-16,The funeral was a somber occasion as friends and family gathered to pay their respects.
41-17,"The choir sang in perfect harmony, creating a beautiful melody."
41-18,The parents decorated the nursery in anticipation of their baby''s arrival.
41-19,A new satellite has been put into orbit around the earth. 
41-20,The professor delivered an engaging lecture on the topic.
41-21,"She worked the night shift at the hospital, caring for patients."
41-22,"He worked as a translator, facilitating communication between different languages."
42-1,Her selflessness and generosity were admirable qualities.
42-2,"He was a gifted musician, able to play multiple instruments with skill."
42-3,The company had numerous branches all over the country.
42-4,They decided to divorce after years of unhappiness.
42-5,They worked hard to establish their reputation in the industry.
42-6,"He gazed out of the window, lost in thought."
42-7,He''s always lecturing me about the way I dress. 
42-8,The teacher is very good at motivating her students. 
42-9,The wind murmured in the trees.
42-10,"Lately, she had been feeling tired and overwhelmed."
42-11,This cup has a crack in it.
42-12,She picked a large bunch of flowers for table decoration.
42-13,The device was designed to simplify everyday tasks.
42-14,I had a doze on the train.
42-15,The company wants to keep down labor costs .
42-16,The participle is a versatile grammatical form.
42-17,She received a percentage of the sales as commission.
42-18,She has amazing powers of recall. 
42-19,They developed software to automate the process.
42-20,"She was a talented sportswoman, excelling in various athletic disciplines."
42-21,"The English language has five vowels: A, E, I, O, and U."
43-1,He had a bald head and always wore a hat to protect it from the sun.
43-2,Kindness is one of her most characteristic traits.
43-3,The counter argument presented by the opposing side shed new light on the issue.
43-4,"He wore a genuine smile, showing his true happiness."
43-5,The bill is due on a monthly basis.
43-6,She was appointed as the new CEO of the company.
43-7,The novel consists of several interconnected stories.
43-8,He criticized the government''s handling of the situation.
43-9,The journalist exposed the corruption scandal.
43-10,He carefully hooked the fishing line to the bait.
43-11,She learned to tolerate different opinions and perspectives.
43-12,The magazine is published weekly.
43-13,They met amid the bustling city streets.
43-14,The analysis of the data revealed interesting trends.
43-15,He disappeared in the blink of an eye. 
43-16,The daffodils were in full bloom.
43-17,He pursued a career in medicine.
43-18,The comedy show had the audience laughing throughout.
43-19,They hired a consultant to provide expert advice.
43-20,The car sped down the freeway at high speed.
43-21,"The frost covered the ground, creating a beautiful winter scene."
43-22,The orchestra played a beautiful symphony.
43-23,He received a reward for his hard work and dedication.
43-24,The spark ignited the fire.
43-25,"She worked as a typist, typing up documents."
43-26,The computer was infected with a virus and needed to be cleaned.
44-1,He was desperate for a job and applied everywhere.
44-2,The old attic was filled with dusty furniture and boxes.
44-3,The favorable weather conditions made for a pleasant day.
44-4,This position needs one or two years'' relative experience. 
44-5,He was known for being stingy and rarely spent money.
44-6,The sponge can absorb a large amount of water.
44-7,Problems arise when there is a lack of communication.
44-8,The flowers began to blossom in the spring.
44-9,Such arguments are not easily countered.
44-10,We encountered a number of difficulties in the first week. 
44-11,She asked her team members to input their ideas and suggestions into the shared document.
44-12,The company manufactures cars in their factory.
44-13,The rebels plotted to overthrow the government.
44-14,The storm caused extensive damage and ruined many buildings.
44-15,He kept tapping his fingers on the table.
44-16,Her stockings were wrinkling at the knees. 
44-17,"We need to make a decision; otherwise, we''ll run out of time."
44-18,He focused his concentration on the task at hand.
44-19,She approached the project with determination and worked diligently.
44-20,Little by little his diligence was rewarded.
44-21,She wore glasses and a wig as a disguise. 
44-22,Her enthusiasm for the project was contagious.
44-23,He managed his personal finance wisely and saved money.
44-24,The firecracker exploded with a loud bang.
44-25,A pink flush spread over his cheeks.
44-26,The foundation of the building was solid and stable.
44-27,The globe shows the different countries and continents.
44-28,The groom looked dashing in his suit on his wedding day.
44-29,They endured many hardships during their journey.
44-30,he class needs a minimum of six students to continue.
44-31,The movie received a lot of publicity before its release.
44-32,She faced rejection after rejection but didn''t give up.
44-33,The settlers built a new community in the frontier.
44-34,They went sightseeing to explore the city''s landmarks.
44-35,I ''ve lost my key and I haven''t got a spare.
44-36,The theme of the party was “Under the Sea“.
44-37,"The ship sailed across the ocean, a large vessel on the water."
45-1,He was a talented and athletic player on the basketball team.
45-2,His argument was logical and well-reasoned.
45-3,The memorial service will be held at a local church. 
45-4,She gave an engaging and informative oral presentation.
45-5,The philosophical debate lasted for hours.
45-6,"Alerted by a noise downstairs, he sat up and turned on the light. "
45-7,Let''s assume that the plan will be successful.
45-8,"The software developer spent hours coding, meticulously writing and testing lines of programming instructions."
45-9,Her father''s death impacted greatly on her childhood years.
45-10,The runner managed to overtake his competitors and win the race.
45-11,"Against all odds, she triumphed over adversity, overcoming obstacles and achieving success in her pursuit of her goals."
45-12,"Moreover, the new system will improve efficiency."
45-13,He expressed his appreciation for their hard work.
45-14,The combination of flavors in the dish was delicious.
45-15,The word “cat“ starts with the consonant sound /k/.
45-16,The hair dye she used gave her a vibrant and eye-catching new look.
45-17,They gathered around the fireplace to keep warm.
45-18,The herd of cattle grazed peacefully in the field.
45-19,He used a hose to water the plants in the garden.
45-20,"The humidity was high, making the air feel heavy."
45-21,The unexpected interruption disrupted the flow of the conversation.
45-22,Her success sparked jealousy among her peers.
45-23,He experienced a stroke of misfortune when he lost his wallet.
45-24,You''re talking nonsense ! 
45-25,He studied physics at university.
45-26,The proverb “Actions speak louder than words“ holds true.
45-27,The country provided refuge for the refugees fleeing the war.
45-28,They had a whirlwind romance and got married quickly.
45-29,The technician fixed the computer in no time.
45-30,There was a sense of tension in the room before the exam.
45-31,They embarked on a long voyage to explore new lands.
46-1,The noise from the construction site was continual throughout the day.
46-2,She was flexible and willing to adapt to new situations.
46-3,The loss of a loved one left a grave impact on her.
46-4,It''s important to approach the situation with an objective perspective.
46-5,The fireworks display was a splendid sight to behold.
46-6,The flowers began to bloom in the springtime.
46-7,He used a visual presentation to demonstrate his point.
46-8,The army planned to invade the enemy territory.
46-9,Let''s proceed with caution and consider all options.
46-10,The agency was responsible for coordinating the event.
46-11,She wrote her autobiography to share her life story.
46-12,Effective communication is key in any relationship.
46-13,It''s cruel to make fun of a cripple.
46-14,The evaluation of the project revealed areas for improvement.
46-15,Only a small portion of the iceberg is visible above the water.
46-16,He made a firm resolve to achieve his goals.
46-17,He sought revenge on those who had wronged him.
46-18,The route to the destination was marked on the map.
46-19,"As the witness of the accident, he provided a statement to the police."
47-1,The circular motion of the Ferris wheel provided a thrilling experience.
47-2,The fabric was coarse to the touch.
47-3,The delay in the shipment had consequent effects on the production timeline.
47-4,The durable material of the backpack made it suitable for outdoor activities.
47-5,She couldn''t help but feel envious of her friend''s success.
47-6,"Despite the challenges, they remained hopeful for an eventual solution."
47-7,He had an imaginary friend that he would play with.
47-8,The nuclear power plant was closely monitored for safety.
47-9,His offensive remarks caused a lot of controversy.
47-10,Your doctor will monitor your blood pressure.
47-11,"He tensed his muscles, preparing for the challenging physical task ahead."
47-12,She submitted her application for the job.
47-13,He taught me the fundamentals of the job. 
47-14,The gangster was known for his criminal activities.
47-15,He cracked his knuckles before starting the task.
47-16,There was a lag in the video streaming due to a slow internet connection.
47-17,The historical landmark attracted many tourists.
47-18,The region experienced heavy rainfall during the monsoon season.
47-19,The government imposed new regulations to control air pollution and smog.
47-20,The new policy attempts to reduce smog caused by traffic fumes.
47-21,She is a virgin.
47-22,The witch cast a spell on the villagers.
48-1,"He always spoke in a courteous manner, showing respect to others."
48-2,The visual presentation helped to illustrate the key points.
48-3,He used a knife to carve intricate designs on the wood.
48-4,The issue remains hotly disputed .
48-5,The project''s cost was estimated to be higher than anticipated.
48-6,The army was forced to surrender after days of fighting.
48-7,They decided to transfer the funds to a different account.
48-8,The genealogy research traced their ancestors back several generations.
48-9,The arch of the bridge was an impressive architectural feature.
48-10,He used a calculator to perform complex mathematical calculations.
48-11,The chamber was filled with the sound of music.
48-12,International commerce played a key role in the economy.
48-13,She wrote a draft of her novel before finalizing it.
48-14,She divided the housework among the family members.
48-15,Hydrogen is the lightest element on the periodic table.
48-16,The indication of his guilt was clear from the evidence.
48-17,The company specialized in the manufacture of electronic devices.
48-18,The murderer was sentenced to life in prison.
48-19,The production of goods increased due to high demand.
48-20,The psychologist conducted research on human behavior.
48-21,The researcher conducted experiments to gather data for their study.
49-1,She felt anxious about the upcoming presentation.
49-2,He adopted a defensive posture during the argument.
49-3,The economic situation improved after implementing new policies.
49-4,They shared an intimate moment together.
49-5,The loud noise disturbed her concentration.
49-6,She couldn''t help but grieve the loss of her loved one.
49-7,The business began to prosper after implementing a new marketing strategy.
49-8,Critics remarked that the play was not original. 
49-9,They were rewarded with money for their exceptional performance.
49-10,She couldn''t help but sob uncontrollably after hearing the news.
49-11,The battery in his phone ran out of power.
49-12,The construction workers poured concrete to create the foundation.
49-13,Proper digestion is essential for a healthy body.
49-14,He maintained a strict discipline in his daily routine.
49-15,The scientist developed a new formula to solve the problem.
49-16,The grief of losing a loved one is a profound emotion.
49-17,His involvement in the project was crucial for its success.
49-18,The skydiver jumped out of the plane with a parachute.
49-19,She pressed her foot down sharply on the brake pedal.
50-1,They held their annual conference to discuss the latest research findings.
50-2,The explosive device was safely detonated by the bomb squad.
50-3,She gave a thoughtful response to the question.
50-4,The disgusting smell made her feel nauseous.
50-5,She could easily distinguish between the two types of birds.
50-6,He drafted his essay before revising it.
50-7,The painting beautifully portrayed the emotions of the subject.
50-8,The admission to the university was highly competitive.
50-9,He took an aspirin to relieve his headache.
50-10,The bond between the two friends grew stronger over time.
50-11,I enjoy reading comics because they combine captivating visuals with engaging storytelling.
50-12,He faced the difficult situation with dignity and grace.
50-13,The loud explosion startled everyone in the vicinity.
50-14,She wrote a long paragraph explaining her point of view.
50-15,There was a restriction on the use of cell phones in the library.
50-16,He made several revisions to his essay before submitting it.
50-17,The telegraph was an important means of communication in the past.
50-18,I look forward to reading that weekly; it always has interesting articles.
