1-1,"The chocolate cake was incredibly delicious, leaving me craving for more."
1-2,"She received excellent feedback on her presentation, impressing her colleagues and boss."
1-3,"After a long day at work, I felt extremely sleepy and couldn''t keep my eyes open."
1-4,The Thanksgiving dinner was a feast of traditional dishes passed down through generations.
1-5,The upper deck of the ship offered breathtaking views of the ocean.
1-6,Stop bossing me around! I''m sick of it. 
1-7,He claimed to be an expert in AI. 
1-8,The success of the project will depend on the dedication and teamwork of the entire staff.
1-9,"The news of her promotion excited her, and she eagerly shared it with her friends."
1-10,He used art to express his emotions and convey powerful messages.
1-11,The teacher flagged the vocabulary that the students had to memorize. 
1-12,The entire building is guarded.
1-13,The professor took a moment to introduce herself to the class and outline the syllabus.
1-14,Don''t judge a book by its cover. 
1-15,His classmates needled him about his new haircut. 
1-16,We packed sandwiches and snacks to picnic in the park.
1-17,I tore a hole in my jeans.
1-18,We waved good-bye. 
1-19,The electrician carefully wired to restore the power supply.
1-20,The demand for renewable energy is increasingly important in addressing climate change.
1-21,"Besides studying for exams, she also volunteers at the local animal shelter."
1-22,"The aircraft took off smoothly, soaring through the sky towards its destination."
1-23,"The artist painted a beautiful landscape on the canvas, capturing nature''s essence."
1-24,The car emitted a loud beep as a warning signal when it was put into reverse.
1-25,The company''s new product went through extensive development before its launch.
1-26,"Despite her best efforts, she experienced a failure in completing the project on time."
1-27,I would appreciate it if you could do me a favor and pick up some groceries.
1-28,He is the power forward in the team.
1-29,The team''s continuous improvement led to significant achievements in their performance.
1-30,"Her new job provided a higher income, allowing her to fulfill her dreams."
1-31,He is a senior official in the bank. 
1-32,"The owl silently glided through the night, its wings barely making a sound."
1-33,My next period is Spanish. 
1-34,"The pumpkin pie was the highlight of the Thanksgiving dinner, delighting everyone."
1-35,The result of his hard work is a well-deserved promotion and recognition.
1-36,"The first semester of college was challenging but rewarding, pushing her to learn and grow."
1-37,"The snail moved slowly across the garden, leaving a glistening trail behind."
1-38,The trumpet player showcased their talent with a powerful and melodious performance.
1-39,He held an umbrella over his head to shield himself from the pouring rain.
1-40,The small village nestled in the countryside had a quaint charm and friendly residents.
1-41,"She tightened her belt around her waist, adjusting her pants for a better fit."
2-1,We were all struck dumb with shock. 
2-2,I felt homesick while being away from my family and longing for the comfort of home.
2-3,The box was tightly sealed to contain the contents and prevent any spills.
2-4,They decided to divide the tasks equally among the team members for better efficiency.
2-5,He worked hard to earn a promotion and recognition for his dedication.
2-6,"The lightning flashed across the dark sky, illuminating the surroundings for a brief moment."
2-7,I prefer watching movies over going to parties on the weekends.
2-8,The officer stamped the date on the passport. 
2-9,She had to struggle with the difficult math problem until she finally solved it.
2-10,“Sit still!“ the teacher thundered. 
2-11,He held firm to his principles. 
2-12,"We walked through the park, enjoying the beauty of nature and the fresh air."
2-13,She rented a small apartment in the city to be closer to her workplace.
2-14,The story was in yesterday''s Daily Mail. 
2-15,The following is a summary of the research findings. 
2-16,She held the candle in a candle holder to prevent it from tipping over.
2-17,"The jazz band played lively and soulful music, filling the room with rhythm and melody."
2-18,"She enjoyed a ripe and juicy papaya for breakfast, savoring its tropical flavor."
2-19,He answered the phone and spoke to the caller about the upcoming meeting.
2-20,The reporter interviewed the mayor for the local news article.
2-21,"She sipped her drink through a straw, enjoying the cool beverage on a hot day."
2-22,They captured the memorable moments of their vacation on video to cherish the memories.
3-1,The generous donor contributed a substantial amount to the cause.
3-2,The sunset painted a lovely palette of colors across the sky.
3-3,The old painting had an ugly stain in the corner.
3-4,I bought a used car from a local dealership.
3-5,She decided to bottle the homemade sauce for later use.
3-6,The riddle he presented puzzled the participants at the puzzle-solving event.
3-7,She helped me sort through my closet and organize my clothes.
3-8,He wrote his name backward on the foggy mirror.
3-9,I prefer a room with furniture but I can do without. 
3-10,She enjoyed her burger meal.
3-11,The scented candle filled the room with a warm and inviting aroma.
3-12,The soft carpet felt luxurious under my feet.
3-13,I found an old cassette in a dusty box in the attic.
3-14,The castle stood tall and majestic on the hilltop.
3-15,"After much deliberation, she made a difficult decision."
3-16,We watched in awe as the dolphin gracefully leaped out of the water.
3-17,The garden is full of the hum of bees.
3-18,The suspect is a white male aged about 30. 
3-19,We spent the afternoon exploring the exhibits in the museum.
3-20,The shiny object caught my attention as it glittered in the sunlight.
3-21,I made a delicious sandwich with fresh ingredients for lunch.
3-22,The children laughed and giggled as they took turns on the swing.
3-23,The curious visitor marveled at the intricate artwork in the gallery.
4-1,"The page remained blank, waiting to be filled with words."
4-2,Taking deep breaths helped her stay calm during the exam.
4-3,It was cruel of him to ignore her feelings and break her heart.
4-4,She worked out regularly to stay fit and maintain her health.
4-5,Please answer the following questions. 
4-6,Eating a balanced diet is crucial for maintaining a healthy body.
4-7,"The watermelon was juicy and delicious, bursting with flavor."
4-8,He is like a lone star in the sky. 
4-9,"She was a social butterfly, always surrounded by friends and acquaintances."
4-10,"After the intense workout, they were all feeling thirsty and reached for their water bottles."
4-11,The cabin in the woods had a charming wooden exterior.
4-12,The car accident happened where the road branched. 
4-13,Be careful not to drop the vase. 
4-14,They gathered around the bonfire to enjoy the warmth and each other''s company.
4-15,Can you lend me some money until I get my paycheck?
4-16,He followed a strict routine to maintain his physical fitness.
4-17,She decided to mix different ingredients to create a unique and flavorful dish.
4-18,He fell over and blood streamed down his face. 
4-19,They loved to travel and explore new cultures and destinations.
4-20,I bought this dress cheap from an internet auction site. 
4-21,"Upon arriving at the airport, they were greeted by a warm breeze."
4-22,"Despite the skepticism, her belief in herself never wavered."
4-23,His new novel is considered a modern classic. 
4-24,She organized her clothes neatly in the wardrobe.
4-25,She reached out to him through email to stay in contact.
4-26,They managed to overcome the crisis with effective problem-solving.
4-27,I''ve got myself in a fix about incomes. 
4-28,The football match attracted a large crowd of enthusiastic fans.
4-29,Dark masses of clouds gathered in the sky. 
4-30,The doctor prescribed medicine to alleviate her symptoms.
4-31,"She admired herself in the mirror, satisfied with her appearance."
4-32,He asked her pardon for having cheated on her. 
4-33,Transform your weaknesses into positives. 
4-34,"As one of our regulars, he can get discounts. "
4-35,The train is picking up speed. 
4-36,She added fresh spinach leaves to her salad for an extra dose of nutrients.
5-1,The former employee returned to visit their old colleagues.
5-2,He prepared an instant cup of coffee using the coffee machine.
5-3,"In recent times, there has been an increase in online shopping."
5-4,The royal couple arrived at the charity gala in a luxurious carriage.
5-5,The children enjoyed playing in the snowy park during winter.
5-6,The southern region of the country is known for its warm climate.
5-7,They found how to cure the rare disease after years of research.
5-8,The company decided to hire a new marketing manager.
5-9,"The vacation package includes flights, accommodation, and meals."
5-10,Please lock the door before leaving the house.
5-11,They decided to separate their personal and professional lives.
5-12,"He tried to read the book backwards, starting from the last page."
5-13,"I don''t really want to go. Besides, it''s too late now. "
5-14,She has the ability to solve complex mathematical problems.
5-15,The bookcase in the living room is filled with novels and textbooks.
5-16,They went to the beach and collected seashells and crabs.
5-17,She expressed her emotion through a heartfelt poem.
5-18,"She used flour, sugar, and butter to bake a delicious cake."
5-19,He used a hammer to fix the loose nail in the wooden table.
5-20,They carried a lantern to light their way in the dark forest.
5-21,The length of the marathon is 26.2 miles.
5-22,He felt like a loser after losing the game.
5-23,They developed a new method to increase productivity.
5-24,She received a beautiful necklace as a birthday gift.
5-25,He chopped an onion to add to the soup.
5-26,The two nations signed a peace treaty to end the conflict.
5-27,The population of the city has been steadily growing.
5-28,A squirrel climbed up the tree and hid its acorns.
5-29,The archer aimed at the target and released the arrow.
5-30,They had a lively discussion on the topic of climate change.
5-31,She bought a treat for her dog at the pet store.
5-32,They roasted a turkey for Thanksgiving dinner.
5-33,Monday is the first weekday of the week.
6-1,"He wandered through the deserted streets, feeling lonely and isolated."
6-2,Her bank account showed a balance of minus $50.
6-3,He received negative feedback on his performance evaluation.
6-4,The popular singer attracted a large crowd at the concert.
6-5,The thick fog made it difficult to see the road ahead.
6-6,She held up her umbrella to protect herself from the rain.
6-7,We won the competition fair and square.
6-8,He aimed the arrow at the bullseye and released it.
6-9,"A dragonfly gracefully glided through the air, its wings shimmering."
6-10,It''s our duty to take care of the environment and reduce waste.
6-11,Solar panels harness the energy of the sun to generate electricity.
6-12,He played a beautiful melody on the musical instrument.
6-13,She went for a jog in the park to stay fit and active.
6-14,"A pigeon perched on the ledge, observing the bustling city below."
6-15,She treated others with kindness and earned their respect.
6-16,He quickly squashed the roach crawling on the floor.
6-17,"Books lined the shelf, neatly arranged by genre."
6-18,"Somebody knocked on the door, interrupting their conversation."
6-19,She used soy sauce to season the stir-fry.
6-20,The loud clap of thunder startled everyone in the room.
7-1,The active child ran around the playground with boundless energy.
7-2,The hiker felt alive as she breathed in the fresh mountain air.
7-3,The female CEO successfully led the company to record-breaking profits.
7-4,"On the plus side, he shows respect to everyone, although he is not good at studying. "
7-5,The library was silent except for the sound of turning pages.
7-6,She decided to clothe herself in a stunning black dress for the party.
7-7,"Low birth rates, coupled with ageing, lead to a shortage of workforce. "
7-8,Hundreds of students crowded in the auditorium to watch the performance. 
7-9,This program can model the process of air pollution. 
7-10,He was fined for speeding. 
7-11,The monkey swung from one tree to another. 
7-12,The airline announced a new route to a popular tourist destination.
7-13,The designer came up with a new design for the dress. 
7-14,She bought some toiletries from the drugstore on her way home.
7-15,The flag proudly waved in the wind atop the flagpole.
7-16,The heavy rain caused a flood in the low-lying areas.
7-17,I''ll be back in an instant. 
7-18,She spread jam on her toast for breakfast.
7-19,The park was full of young lovers holding hands.
7-20,The participants gathered for the meeting in the conference room.
7-21,He became a member of the exclusive country club.
7-22,She received a heartfelt message from her best friend.
7-23,The DJ played a mix of popular songs at the party.
7-24,A small moth fluttered around the porch light.
7-25,The slow motion replay showed the athlete''s incredible skill.
7-26,The doctor attended to the patient''s needs with care.
7-27,He smoked a pipe while relaxing in his armchair.
7-28,They ordered a large pizza with extra toppings for dinner.
7-29,The yoga instructor guided the class through a challenging pose.
7-30,He did his share in the event. 
7-31,They embarked on a guided tour of the historic city.
7-32,They enjoyed a relaxing vacation by the beach.
7-33,The juicy watermelon was the perfect refreshing snack for a hot summer day.
8-1,The cozy armchair was incredibly comfortable to sit in.
8-2,"She had a firm grip on the handle, refusing to let go."
8-3,"Despite his success, he remained humble and down-to-earth."
8-4,We can grab a cup of coffee in the nearby cafe. 
8-5,We decided to barbecue some burgers and sausages for dinner.
8-6,Please bill me for the computer.
8-7,"Practice makes perfect, so don''t be afraid to repeat the task."
8-8,"Despite the challenges, he managed to survive and overcome adversity."
8-9,She decided to pursue her dreams and move overseas for new opportunities.
8-10,"As an assistant, he helps with various tasks and supports the team."
8-11,Regular exercise is important for maintaining a healthy lifestyle.
8-12,She stored the leftovers in the freezer to keep them fresh.
8-13,"No pains, no gains. "
8-14,"The ripe guava was sweet and juicy, a delightful tropical fruit."
8-15,She used creative means to solve the problem and find a solution.
8-16,"The annoying mosquito buzzed around her, causing irritation."
8-17,He enjoyed snacking on salted peanuts during movie nights.
8-18,The tranquility of the night was filled with silence and peace.
8-19,She tied the package with a sturdy string to keep it secure.
8-20,The mouse was caught in the trap set by the pest control specialist.
9-1,The rare species of bird could only be found in that specific area.
9-2,"They often argue about trivial matters, but deep down they care for each other."
9-3,Nothing has changed since he left. 
9-4,All his devices are linked. 
9-5,That is not a real gold ring; it''s just a silver one plated with gold. 
9-6,It took her a while to realize the impact of her words.
9-7,Would it suit you if we meet at 4PM tomorrow? 
9-8,I treasure our friendship since childhood. 
9-9,The alarm clock woke her up from a deep sleep.
9-10,The little boy wetted his bed. 
9-11,"Throughout the day, he worked tirelessly to finish his tasks."
9-12,The anticipation filled the room with excitement.
9-13,The dog barked loudly when it approached the fence.
9-14,She visited her friend in the hospital to offer support.
9-15,His witty humor always brought a smile to people''s faces.
9-16,"The pen ran out of ink, so she needed to replace it."
9-17,It''s important to make fair judgments based on evidence.
9-18,"She was known as a great listener, always lending an ear to others."
9-19,"They examined the menu, trying to decide what to order."
9-20,She used a frying pan to cook the delicious breakfast.
9-21,He made a promise to always be there for his best friend.
9-22,She urgently searched for the nearest restroom.
9-23,The ruler helped her draw a straight line on the paper.
9-24,The bamboo shoot is delicious if well cooked. 
9-25,The hot tea created a cloud of steam.
9-26,The workers went on strike to demand better working conditions.
9-27,A thief broke into the house and stole valuable items.
9-28,Trust is the foundation of any strong relationship.
9-29,She valued honesty and always spoke the truth.
9-30,The team celebrated their victory with cheers and applause.
9-31,The soft wool sweater kept her warm in the cold weather.
10-1,The classic novel continues to captivate readers with its timeless story.
10-2,He was known for his frank and honest communication style.
10-3,She has a particular taste for vintage fashion.
10-4,I am proud of my achievements and the progress I''ve made.
10-5,She had a slender figure and walked with grace.
10-6,His wise advice guided me through difficult decisions.
10-7,The teacher circled all his spelling mistakes. 
10-8,His latest book has influenced many of his readers. 
10-9,Can you locate the nearest gas station on the map?
10-10,Work piled up at the end of the month. 
10-11,"Despite the temptation, she refused to give in to unhealthy habits."
10-12,They worked together to solve the complex problem.
10-13,"Altogether, there were ten people attending the meeting."
10-14,His ambitions went beyond what anyone expected.
10-15,"They enjoyed a night out in downtown, exploring the vibrant city."
10-16,He took charge of the family business following his father''s death.
10-17,The boss commended her for the excellent work she had done.
10-18,He nodded his head with a bow to show respect.
10-19,They engaged in a deep and meaningful conversation.
10-20,The farmers harvested a bountiful crop of wheat.
10-21,The hen laid an egg in the coop.
10-22,The adorable penguin waddled across the ice.
10-23,The singer delivered a pitch-perfect performance.
10-24,The company implemented a new policy to improve efficiency.
10-25,They received praise for their outstanding achievements.
10-26,The principal addressed the students during the assembly.
10-27,The quantity of products in stock was quickly dwindling.
10-28,She grabbed a quick snack before heading to the meeting.
10-29,Excessive stress can negatively impact our health.
10-30,The friendly waitress took their orders with a smile.
11-1,The central square was bustling with activity.
11-2,"The morning was foggy, making it difficult to see."
11-3,The tropical climate was hot and humid.
11-4,She bowed gracefully at the end of her performance.
11-5,Adult behavior is usually patterned by one''s experiences in childhood.
11-6,We can pitch our tent on the grass. 
11-7,She steeled herself to remain calm. 
11-8,She ordered an extra-large pizza for the party.
11-9,He explained the concept simply and clearly.
11-10,The first aid kit is essential for emergencies.
11-11,"They enjoyed shopping in downtown, exploring the vibrant shops."
11-12,They boarded the flight and settled into their seats.
11-13,The children were excited about what the future held.
11-14,"The elephant was a giant creature, towering over the others."
11-15,"She is standing there, with her hands on her hips. "
11-16,Her words had a powerful influence on the audience.
11-17,He added fresh lettuce to his salad for a crisp texture.
11-18,They sat around the campfire and roasted marshmallows on the log.
11-19,She enjoyed reading fashion magazines to stay updated on the latest trends.
11-20,He gave a nod of approval to show his agreement.
11-21,The fabric had a beautiful floral pattern.
11-22,The military tank rumbled down the street.
12-1,Her childlike innocence and curiosity were endearing.
12-2,The designer handbag was incredibly expensive.
12-3,They opened a joint bank account together.
12-4,The speaker delivered a powerful speech that moved the audience.
12-5,She was going through typical teenage challenges and emotions.
12-6,They enjoyed watching western movies and learning about cowboy culture.
12-7,The fire continued to burn brightly throughout the night.
12-8,He had to drag the heavy suitcase up the stairs.
12-9,The couch sometimes functions as a bed.
12-10,They decided to hide the surprise gift in the closet.
12-11,Please measure the length of the table before buying a tablecloth.
12-12,Someone is pounding at the door. 
12-13,We live in a society where privacy is prized. 
12-14,It can be difficult to pronounce certain words in a foreign language.
12-15,She had to reject the job offer due to scheduling conflicts.
12-16,Family and friendship are valued by her.
12-17,She read the story aloud to the children at the library.
12-18,The bakery sold freshly baked bread and pastries.
12-19,He started his own business and became a successful entrepreneur.
12-20,The data showed a clear trend in customer preferences.
12-21,He marked a small dot on the map to indicate their meeting point.
12-22,"The drummer played a powerful rhythm on his drum, which energized the crowd."
12-23,She used an eraser to correct the mistake on her paper.
12-24,It was his fault for not double-checking the instructions.
12-25,Drinking water before bed became a nightly habit.
12-26,She wore a comfortable pair of jeans for the casual outing.
12-27,There must be something wrong with his knee joint.
12-28,Everyone is entitled to their own opinion.
12-29,The passengers boarded the plane and found their seats.
12-30,The bird spread its wings and took flight.
13-1,He communicated using sign language with the deaf community.
13-2,We have to consider our future generations. 
13-3,She always stays updated with the latest fashion trends.
13-4,Their house is fenced with white fences. 
13-5,"If you don''t pay attention, you might lose the game."
13-6,The teacher had to punish the student for misbehaving.
13-7,You can reach out to me anytime you need assistance.
13-8,Fold the paper double. 
13-9,"Despite their efforts, the team''s chances of winning were none too high."
13-10,Her absence from the meeting was noticed by everyone.
13-11,There is a burst in the water pipe. 
13-12,He enjoys watching animated cartoon shows.
13-13,The children laughed and cheered at the funny clown.
13-14,The power plant burned coal to generate electricity.
13-15,He looked up a word in the dictionary to find its meaning.
13-16,They engaged in a lively discussion about current events.
13-17,There is an admission fee to enter the museum.
13-18,She had a high fever and needed rest to recover.
13-19,"The dress is a good fit, highlighting her figure."
13-20,The focus of today''s lecture is environmental protection.
13-21,Use glue to stick the pieces of the puzzle together.
13-22,The judge carefully considered the evidence before making a decision.
13-23,She ordered a bowl of hot noodle soup for lunch.
13-24,He took notes in his notebook during the lecture.
13-25,They walked across the overpass to cross the busy highway.
13-26,The phrase “break a leg“ is commonly used to wish someone good luck.
13-27,They waited on the train platform for their ride to arrive.
13-28,He used a search engine to find information online.
13-29,I wrote his number down on a slip of paper. 
13-30,She screamed when she saw a spider crawling on the wall.
13-31,The ripe strawberry was sweet and juicy.
13-32,They went on a hike in the wild and explored nature''s beauty.
14-1,This list is not complete. 
14-2,The lecture was so dull that many students struggled to stay awake.
14-3,Chocolate chip cookies are my all-time favorite treat.
14-4,His greedy behavior and desire for more caused problems.
14-5,Being responsible means fulfilling your duties and obligations.
14-6,"The sudden rain caught them off guard, and they got wet."
14-7,It''s very wet in winter in New Zealand. 
14-8,She decided to bake a delicious cake for her friend''s birthday.
14-9,"He began to drum on the table, creating a lively beat."
14-10,Have you figured out how much the trip will cost? 
14-11,He knew how to fix the broken computer with his technical skills.
14-12,I could hear somebody hammering next door. 
14-13,"Despite his pleas, she chose to ignore his apologies."
14-14,The fisherman was able to net a large salmon from the river.
14-15,The company offered a job with an attractive salary.
14-16,It pains me to see all the garbage on the floor. 
14-17,He projects himself as a man with self-confidence. 
14-18,The unexpected news shocked everyone.
14-19,He thumbed through the book while waiting for his girlfriend. 
14-20,Many parents treat their adult children as kids. 
14-21,"However, she still managed to complete the task on time."
14-22,He tackled the challenge without hesitation or fear.
14-23,The captain led the team to victory in the championship.
14-24,He needed cash to pay for his expenses.
14-25,The conflict between the two parties escalated quickly.
14-26,The director was in charge of overseeing the film production.
14-27,They entered the concert venue through the main entrance.
14-28,"He was a true gentleman, always polite and respectful."
14-29,She added a squeeze of lemon to enhance the flavor of her drink.
14-30,The meter showed the amount of electricity consumed.
14-31,He read the lines of the poem from the palm of his hand.
14-32,There were a lot of pluses in the students'' performance this semester. 
14-33,They used a pump to inflate the balloons for the party.
14-34,They found a solution to the problem after much brainstorming.
14-35,It''s important to keep one''s spirits up in work.
14-36,She grabbed a broom and gave the room a good sweep.
14-37,He''s been in the travel industry for about 30 years. 
14-38,The turtle slowly crawled across the sandy beach.
14-39,The subway is an underground transportation system in the city.
15-1,"After spinning around in circles, she felt dizzy and had to sit down."
15-2,The bell alarmed everyone. 
15-3,He used a rope to bind the boxes together for easy transport.
15-4,Learning to control your emotions is an important skill.
15-5,They were filming a documentary in the remote wilderness.
15-6,The sudden loud noise frightened the children.
15-7,Friends and family gathered to celebrate the special occasion.
15-8,They greeted each other with warm hugs and smiles.
15-9,She used glue to paste the pictures onto the poster.
15-10,The artist''s work was highly regarded by critics.
15-11,The school''s drama club is staging a production of Aladdin. 
15-12,He strung the package securely.
15-13,All her friends and family support her studying abroad. 
15-14,The car passed a sharp bend with a high speed. 
15-15,She fastened the button on her shirt.
15-16,He added some catsup to his fries for extra flavor.
15-17,The invention of electricity revolutionized the 20th century.
15-18,She couldn''t resist the temptation of a piece of chocolate.
15-19,The court ruled in favor of the plaintiff.
15-20,Protecting the environment is everyone''s responsibility.
15-21,She carefully examined each item before making a purchase.
15-22,He wore a stylish jacket to the party.
15-23,The fantasy novel took place in a magical kingdom.
15-24,Accurate measurement is crucial in scientific experiments.
15-25,He won the first prize in the art competition.
15-26,The dress was made of smooth and luxurious silk.
16-1,Being dishonest can damage trust and relationships.
16-2,It''s important to abide by the legal requirements and regulations.
16-3,They lived in a small town in the northern part of the country.
16-4,The living room is square. 
16-5,Cheating in exams is not a fair practice.
16-6,The warm climate favours many types of tropical plants. 
16-7,Which post are you being interviewed for?
16-8,She used a fork to pick up the pieces of fruit.
16-9,He promised to always be there for her.
16-10,My boss tasked me with completing the project by the end of the week.
16-11,He danced wild on the stage.
16-12,He made a bet with his friend about the outcome of the game.
16-13,The diagnosis revealed that he had cancer.
16-14,The ceiling of the room was painted a vibrant blue.
16-15,She used a handkerchief to wipe away her tears.
16-16,They played chess together as friends and mates.
16-17,The producer oversaw the production of the movie.
16-18,The children had fun going down the slide in the playground.
16-19,"She was a rebellious teenager, always challenging authority."
16-20,The students wore uniforms to school.
16-21,He suffered a deep wound during the accident.
17-1,She added an extra touch of creativity to her artwork.
17-2,Spreading hateful messages only creates division and harm.
17-3,Eating a balanced diet is necessary for good health.
17-4,"The room was decorated in plain colors, creating a minimalist look."
17-5,"The children were in a playful mood, running and laughing."
17-6,"After years of hard work, she finally achieved a successful career."
17-7,He aimed carefully and hit the target with precision.
17-8,It''s important to consider different perspectives before making a decision.
17-9,The farmer produced fresh vegetables from his garden.
17-10,She did a few stretching exercises to loosen her muscles.
17-11,Five plus five equals ten.
17-12,She had a choice between two different paths to take.
17-13,She had a persistent cough that lasted for weeks.
17-14,The first light of dawn illuminated the horizon.
17-15,Having to work late every day is a drag. 
17-16,The cunning fox sneaked through the forest unnoticed.
17-17,He joined the military to serve his country.
17-18,She hammered the nail into the wooden board.
17-19,The bird built a nest high up in the tree.
17-20,She rose from being a nobody to become a superstar.
17-21,The artist worked on a beautiful painting for months.
17-22,There is a possibility of rain later in the day.
17-23,She peeled the potato before cooking it.
17-24,She wrapped the present in colorful wrapping paper.
17-25,He gave her a generous tip for her excellent service.
17-26,She dried her hands with a soft towel after washing them.
18-1,The official announcement was made by the spokesperson.
18-2,The army attacked the city center. 
18-3,She planned to attend the conference to learn new insights.
18-4,Please confirm your attendance by replying to the email.
18-5,"The sun began to dawn on the horizon, casting a warm glow across the landscape."
18-6,He prided himself on his accomplishments and achievements.
18-7,"After much deliberation, they decided to settle their differences."
18-8,He was singled out for his outstanding performance in the game. 
18-9,"Someone had tried to steal her wallet, but luckily she noticed."
18-10,He stressed the importance of meeting the deadline. 
18-11,Remember to tip the waiter. 
18-12,The cliffs tower above the seaside.
18-13,She used a typewriter to type her report.
18-14,The river widened as it flowed downstream.
18-15,"Whenever she needed help, he was always there for her."
18-16,"They sat on a bench in the park, enjoying the sunshine."
18-17,They went bowling for a fun evening activity.
18-18,"A cockroach scurried across the kitchen floor, causing panic."
18-19,The depth of the ocean is a mystery yet to be fully explored.
18-20,The firewoman bravely rushed into the burning building to save lives.
18-21,The plant showed steady growth with each passing day.
18-22,"The cars sped down the highway, rushing to their destinations."
18-23,They booked a room at a luxurious hotel for their vacation.
18-24,The importance of education cannot be overstated.
18-25,He added some ketchup to his burger for extra flavor.
18-26,The lawyer provided legal advice and representation.
18-27,He rode his motorcycle through the busy city streets.
18-28,He bought a pack of cigarettes at the store. 
18-29,Reading a good book brings her great pleasure.
18-30,He took great pride in his cultural heritage.
18-31,The sailor set sail on a grand adventure across the seas.
18-32,Soybean is a versatile and nutritious crop.
18-33,They found a nice picnic spot by the tranquil stream.
18-34,"To get to the campsite, you need to cross the stream. "
18-35,The traffic on the road was congested during rush hour.
18-36,She was declared the winner of the singing competition.
19-1,The main character faced numerous challenges throughout the story.
19-2,She didn''t expect the surprise party that her friends had planned for her.
19-3,"In order to succeed, it''s important to focus on your goals."
19-4,He had to learn how to handle stressful situations with composure.
19-5,The actor spends years perfecting his acting performance. 
19-6,He won a badge and pinned it onto his schoolbag. 
19-7,He gathered the courage to propose to his girlfriend.
19-8,He wore sunglasses to screen his eyes from the sun. 
19-9,The photographer aimed and shot a stunning photograph.
19-10,Let''s go somewhere nice for our vacation.
19-11,"They explored the dark cave, eager to discover its secrets."
19-12,Keep the change! 
19-13,She sewed a new cloth for her dress.
19-14,The project was nearing completion after months of hard work.
19-15,She set her boyfriend''s number as speed dial. 
19-16,There''s a big difference between right and wrong.
19-17,He sent the package by express.
19-18,They lived in a small flat in the city.
19-19,She played the role of the brave heroine in the movie.
19-20,The zoo had a playful hippopotamus in its exhibit.
19-21,The host welcomed the guests to the party.
19-22,She secured her hair with a pin.
19-23,They made progress in their collaborative project.
19-24,They had dinner at a fancy restaurant.
19-25,The book provided a valuable source of information.
19-26,The old map led them to a hidden treasure.
19-27,He''s not my type. 
20-1,She was curious about the mysterious object on the table.
20-2,He gave the exact measurements for the project.
20-3,It''s important to be polite and not rude to others.
20-4,"The weather was terrible, with heavy rain and strong winds."
20-5,He went to the bank to cash the check. 
20-6,She explained the concept in simple terms for everyone to understand.
20-7,The number of participants increased this year.
20-8,She masked her disappointment with a smile. 
20-9,She potted the plant into the flowerpot. 
20-10,It''s healthier to snack on fruit rather than chocolate.
20-11,The bird winged its way gracefully. 
20-12,She felt deeply wounded by all the cruel comments. 
20-13,The scandalous affair caused a lot of controversy.
20-14,They hired a babysitter to take care of their children.
20-15,Bring the water to the boil in a kettle to make tea.
20-16,She marked important dates on her calendar.
20-17,The novel had a diverse cast of characters.
20-18,The customer asked for assistance from the store employee.
20-19,She stored her belongings in the drawer.
20-20,He considered his opponent as his enemy in the game.
20-21,"With a flash, the camera captured the moment."
20-22,They studied geography to learn about different countries.
20-23,She rested her head on the soft pillow.
20-24,He sent a postcard to his friend while on vacation.
20-25,She received support from her family during challenging times.
20-26,He underwent treatment for his medical condition.
20-27,The truck delivered the goods to the warehouse.
20-28,The majestic waterfall cascaded down the rocks.
20-29,They went on a whale-watching tour and spotted a magnificent whale.
21-1,He gave a brief overview of the project.
21-2,She tried to avoid conflict by staying calm.
21-3,Everyone desires health and wealth. 
21-4,The teacher tried to distance himself from his students.
21-5,The curtain matches the carpet well. 
21-6,They progressed significantly in their research.
21-7,It''s illegal to traffick in drugs. 
21-8,You can find good food anywhere in this city.
21-9,Can you stand a bit further away? 
21-10,He hardly had any time to relax due to his busy schedule.
21-11,The antique vase was worth a fortune.
21-12,The speaker captured everyone''s attention with an engaging speech.
21-13,She threaded a bead onto the necklace she was making.
21-14,"Luckily, there is a cure for her illness."
21-15,The earthquake caused significant damage to the buildings.
21-16,They went to the amusement park for a day of enjoyment.
21-17,The event took place in a large hall.
21-18,The mountain peak reached a great height.
21-19,He was considered a hero for his brave actions.
21-20,He suddenly appeared as if by magic .
21-21,The organ played a beautiful melody.
21-22,The event was reported in the press and on TV. 
21-23,The room is in the shape of a rectangle.
21-24,They ordered grilled shrimp for dinner.
21-25,She peeled a juicy tangerine and enjoyed its sweet taste.
21-26,They ran around the track during their morning jog.
21-27,The voters cast their ballot in the election.
22-1,That was not a fair deal. 
22-2,He made a foolish mistake by not studying for the exam.
22-3,He is a male actor who has appeared in many films.
22-4,The garden was peaceful and filled with beautiful flowers.
22-5,We had a pleasant conversation over a cup of coffee.
22-6,His principal concern is lack of time. 
22-7,"It was a rainy day, so they stayed indoors and watched movies."
22-8,The performance was terrific and received a standing ovation.
22-9,His annual earnings amount to over 2 million. 
22-10,The train was delayed due to technical issues.
22-11,They had to pack their belongings for the upcoming move.
22-12,The products they ordered are all packaged and ready for delivery. 
22-13,"Although it was raining, they still went for a walk."
22-14,She wore an apron while cooking in the kitchen.
22-15,He used his brain to solve the challenging puzzle.
22-16,She typed on her computer to finish her work.
22-17,They lived in a small county town with friendly neighbors.
22-18,He had a strong desire to travel the world.
22-19,They made delicious dumplings for dinner.
22-20,They took the elevator to the top floor of the building.
22-21,The event was a success with a large turnout of attendees.
22-22,The gardener took care of the plants and flowers.
22-23,He''s a nice guy who always helps others.
22-24,They saw a hippo at the zoo during their visit.
22-25,The poet expressed her emotions through her poetry.
22-26,My parcel got lost in the post. 
22-27,She weighed the package and found it to be 2 pounds.
22-28,They stored the groceries in the refrigerator to keep them fresh.
22-29,Their relationship was based on trust and mutual respect.
22-30,He received a positive review for his performance.
22-31,They played soccer in the park on weekends.
22-32,The company has to prevent the spread of the information about the manager‘s bribery. 
22-33,He used a stick to draw pictures in the sand.
22-34,She encountered a stranger who offered her help.
22-35,The antique vase was a ten-thousand-pound worth of money.
23-1,She asked to borrow a pen from her classmate.
23-2,The teacher chalked up today''s homework on the blackboard. 
23-3,She used her artistic skills to create a beautiful painting.
23-4,I spent five hours grading test papers. 
23-5,They inked the date for the lecture. 
23-6,They usually jog in the park to stay active.
23-7,The ship struck a rock and sank. 
23-8,“Seize the day“ is termed “carpe diem“ in Latin. 
23-9,"Whenever she had free time, she enjoyed reading books."
23-10,She went to Taipei with the aim of finding a job. 
23-11,They stood on the balcony to enjoy the view of the city.
23-12,The house was made of red bricks.
23-13,She organized her clothes in the closet.
23-14,He had good control over his emotions.
23-15,They loved the peacefulness of the countryside.
23-16,The medication had a calming effect on her.
23-17,She was proud to be a strong and independent female.
23-18,The government implemented new policies to improve the economy.
23-19,They stored the perishable items in the icebox to keep them cool.
23-20,The locals are all friendly. 
23-21,This is not the key to the lock. 
23-22,The photograph brought back a vivid memory of their trip.
23-23,He felt a sharp pain in his leg after the accident.
23-24,The punishment for breaking the rules was detention.
23-25,The archer hit the target within a range of 50 meters.
23-26,They had a close relation as siblings.
23-27,"The runner crossed the finish line, exhausted but satisfied."
23-28,The speaker delivered an inspiring speech to the audience.
23-29,She wiped away a tear that rolled down her cheek.
24-1,She received a golden medal for her outstanding performance.
24-2,He had a serious expression on his face as he discussed the issue.
24-3,It was a wonderful experience to explore the beautiful countryside.
24-4,They clubbed together to buy a new computer for the class. 
24-5,The detective used his skills to detect the hidden clues.
24-6,She dialed the phone number to make a call.
24-7,He glued the pieces of paper together.
24-8,They hung the painting on the wall for everyone to see.
24-9,I neither knew nor cared what he had done. 
24-10,They stored their belongings in the basement for safekeeping.
24-11,They met at the café for a cup of coffee and a chat.
24-12,She used the cooker to prepare a delicious meal.
24-13,He made a copy of the document for his records.
24-14,She sealed the letter in an envelope before sending it.
24-15,The hostess greeted the guests with a warm smile.
24-16,They bought a fresh loaf of bread from the bakery.
24-17,The painter created a beautiful artwork on the canvas.
24-18,They stacked a pile of books on the shelf.
24-19,They spotted a cute rabbit hopping in the garden.
24-20,The actor doesn''t want a repeat performance of his famous play. 
24-21,She played a crucial role in the success of the project.
24-22,The flowers bloomed beautifully in the spring.
24-23,Many young people experience a struggle for independence. 
24-24,She showcased her talent through her mesmerizing performance.
24-25,He was a talented teen musician who played multiple instruments.
24-26,The weapon was carefully handled by the trained professionals.
25-1,The injured soldier had a bloody wound that needed immediate attention.
25-2,"To save time, you''d better take the express train. "
25-3,"Despite the challenges, he maintained a positive attitude."
25-4,He is the present owner of the apartment. 
25-5,The details of the contract remain secret. 
25-6,They followed the standard procedures to complete the task.
25-7,The teacher had strict rules that students had to follow.
25-8,They accepted his proposal without hesitation.
25-9,He decided to apply for the job.
25-10,They carpeted the living room.
25-11,He loves to clown around and make people laugh with his silly antics.
25-12,They disagreed on the best approach to solve the problem.
25-13,The path narrowed as they ventured deeper into the forest.
25-14,"They walked through the park, enjoying the scenery."
25-15,"In addition to her regular duties, she took on extra responsibilities."
25-16,He worked as a banker at a prestigious financial institution.
25-17,She gave a brief on the topic.
25-18,The store clerk rang up the items and gave them the total charge.
25-19,He extended his congratulations on their achievement.
25-20,It took a lot of courage for her to face her fears.
25-21,Put a cross if the answer is wrong. 
25-22,She put her wet clothes in the dryer to dry them.
25-23,There are no hidden extras in the restaurant. 
25-24,The computer program had a specific function.
25-25,They parked their car in the garage.
25-26,They went on a thrilling adventure in their jeep.
25-27,They celebrated their marriage with a beautiful ceremony.
25-28,She posed as a model for the fashion shoot.
25-29,He broke a world record in the swimming competition.
25-30,Safety precautions were taken to ensure everyone''s well-being.
25-31,The company followed industry standards in their operations.
26-1,The ancient ruins are a popular tourist attraction.
26-2,She is a famous actress known for her brilliant performances.
26-3,They have a friendly relationship with their neighbors.
26-4,The two paintings have a similar style and color palette.
26-5,He hummed a catchy tune as he worked.
26-6,She pressed the button to start the machine.
26-7,He skirted the real issue. 
26-8,He taped the broken book spine up.
26-9,You need to relax; lie flat and breathe deeply. 
26-10,He found a rare coin while metal detecting.
26-11,She earned a degree in computer science.
26-12,They watched a film at the movie theater.
26-13,They kept their groceries in the fridge to keep them fresh.
26-14,He behaved in a polite and respectful manner.
26-15,The musician played a beautiful melody on the piano.
26-16,They used a mule to transport their goods.
26-17,She used paste to stick the paper to the wall.
26-18,Who is your pick for the best dancer? 
26-19,The prince ruled over the kingdom with wisdom and grace.
26-20,The princess wore a stunning gown to the royal ball.
26-21,The shop sells organic produce. 
26-22,They enjoyed a creamy pudding for dessert.
26-23,The soldier stood tall and proud in his uniform.
26-24,I like all sorts of music. 
26-25,They bought groceries from the local supermarket.
26-26,They watched their favorite show on television.
26-27,I usually have French toast for breakfast. 
26-28,She folded her clean underwear and put it in the drawer.
26-29,They appraised the value of the antique furniture.
27-1,He is a clever student who always comes up with creative solutions.
27-2,"They live in a distant village, far away from the city."
27-3,She felt fearful of the dark and always slept with a night light.
27-4,"The soup was too salty, and they added some water to balance the flavor."
27-5,The police arrested all in connection with the robbery.
27-6,They bet on the outcome of the football match.
27-7,Many new words are coined nowadays due to the influence of the internet. 
27-8,She never doubts her abilities to pursue her goals
27-9,She exercises regularly by going for a run every morning.
27-10,The chef will quarter the apples before adding them to the pie.
27-11,They spread the picnic blanket on the grass and enjoyed their meal.
27-12,He sprang out of bed. 
27-13,The audience gave a loud clap to show their appreciation.
27-14,He used the game controller to navigate through the virtual world.
27-15,The couple walked hand in hand along the beach.
27-16,Oxygen is an essential element for sustaining life.
27-17,He is going to the job fair tomorrow. 
27-18,The country celebrated its independence with parades and fireworks.
27-19,"They worked in a dangerous mine, extracting valuable minerals."
27-20,The monster in the horror movie gave them nightmares.
27-21,They were friendly with their next-door neighbor.
27-22,She held her father in high regard and respected his advice.
27-23,He wore shorts to stay cool in the summer heat.
27-24,"She twirled in her flowy skirt, feeling like a princess."
27-25,He slipped on his comfortable slippers after a long day.
27-26,They stocked up on food and supplies for the camping trip.
28-1,She is wearing a cream linen dress. 
28-2,The entire team worked together to achieve their goal.
28-3,He is a skilled craftsman who creates beautiful woodwork.
28-4,The water began to boil in the pot on the stove.
28-5,The shoes fit perfectly and were comfortable to wear.
28-6,She played a beautiful melody on the flute.
28-7,He found it in his heart to forgive his friend for the mistake.
28-8,I spotted my friend in the crowd easily. 
28-9,He was titled “Employee of the Month“ for his outstanding performance.
28-10,She would rather stay home and read a book than go out.
28-11,The answer lies within yourself; you have the power to find it.
28-12,She decorated her bedroom with colorful curtains and cozy furniture.
28-13,They loaded their shopping items into the cart at the grocery store.
28-14,The clerk greeted customers with a smile at the checkout counter.
28-15,She had an appointment with the dentist for a routine check-up.
28-16,He treated himself to a delicious doughnut for breakfast.
28-17,They played soccer in the field behind their house.
28-18,"The fisherman cast his line into the water, hoping for a big catch."
28-19,He prepared for the job interview by researching the company.
28-20,They took the metro to commute to work in the city.
28-21,He found it difficult to understand the road signs when he first arrived.
29-1,You''d better seek expert advice. 
29-2,She is known for her honest and straightforward communication.
29-3,They support local businesses and prioritize community engagement.
29-4,The city was heavily bombed in the war. 
29-5,The company branded its new products with a new logo. 
29-6,The audience clapped their hands at the end of the performance.
29-7,She dotted each item on the checklist.
29-8,The contractor had to firm the soil before laying the foundation for the building.
29-9,The company will further its research in renewable energy technologies.
29-10,The model effortlessly posed for the camera。
29-11,The bird swooped down to swallow the small insect.
29-12,He is a beginner in playing the guitar and is learning the basics.
29-13,They wrote important notes on the whiteboard during the meeting.
29-14,The brand is known for its high-quality clothing and fashion accessories.
29-15,Protective clothing ran out. 
29-16,The soft fabric of the shirt was made from 100% cotton.
29-17,The storm caused significant damage to the buildings in the area.
29-18,The government needs to improve traffic flow. 
29-19,She turned the handle and opened the door. 
29-20,They quenched their thirst with a glass of refreshing lemonade.
29-21,The lightning illuminated the sky during the thunderstorm.
29-22,"He played with his nephew at the park, enjoying their time together."
29-23,She wrote a beautiful poem expressing her emotions and thoughts.
29-24,"The soup simmered in the pot on the stove, filling the kitchen with a delightful aroma."
29-25,They explored the scenic region and admired the natural beauty.
29-26,She wore cozy socks to keep her feet warm during the cold winter days.
30-1,"His behavior was childish, reflecting his immaturity."
30-2,She ordered a double espresso to give her an extra boost of energy.
30-3,"The furniture in the room was movable, allowing for easy rearrangement."
30-4,He was shocked by the sudden news of his friend''s accident.
30-5,They had to cancel the meeting due to unforeseen circumstances.
30-6,"He would deny any involvement in the incident, despite the evidence against him."
30-7,They sat down to discuss the details of the upcoming project.
30-8,She saw herself mirrored in the window
30-9,They had to rush to catch the train before it departed.
30-10,"The striker scored a brilliant goal in the final minutes of the match, securing the victory for his team."
30-11,She showered refreshingly to cool off after a long day.
30-12,The grocery store is conveniently located nearby.
30-13,She nearly missed her flight due to heavy traffic.
30-14,The research was conducted on the basis of previous studies.
30-15,He cooked a delicious meal using beans as the main ingredient.
30-16,She used a brush to paint delicate strokes on the canvas.
30-17,He tied the items together in a bundle for easy carrying.
30-18,"As a responsible citizen, he participated in community service activities."
30-19,She visited her cousin during the summer vacation.
30-20,They went on a tropical vacation to a beautiful island.
30-21,"He enjoyed his time in kindergarten, playing and learning with other children."
30-22,The website provides a link to additional resources for further information.
30-23,She carefully threaded the needle to start sewing.
30-24,The plant contains a poison that should be handled with caution.
30-25,He had a strong interest in science and conducted experiments in his home lab.
30-26,"She played the violin beautifully, captivating the audience with her music."
30-27,They whispered to each other to avoid being overheard.
30-28,"The safari park had a variety of animals, including zebras with distinctive black and white stripes."
31-1,He was absent from school due to illness.
31-2,The elder members of the family offered their wisdom and guidance.
31-3,He preferred to keep his personal life private.
31-4,She can do whatever she wants with her free time.
31-5,He had absented himself from the office for the day.
31-6,The train is scheduled to arrive at the station in 10 minutes.
31-7,The construction workers had to crane their necks to see the top of the tall building they were working on.
31-8,The farmers will soon crop the field and harvest the ripe fruits.
31-9,The citizens had the power to elect their leaders through voting.
31-10,He marked on the paper to indicate his answer.
31-11,The child couldn''t help but parrot back everything their older sibling said.
31-12,He recorded his voice on the audio record for future reference.
31-13,The researcher will sample the water from various locations to assess its quality.
31-14,I will telephone my grandmother later to check on her.
31-15,The musician skillfully trumpeted a melodic tune during the jazz performance.
31-16,The animals were grossly ill-treated. 
31-17,"The alarm went off, signaling the start of the day."
31-18,Salt is an inorganic chemical. 
31-19,They joined a club to pursue their common interests.
31-20,He had to pay off his debt to the bank.
31-21,She enjoyed drawing and often sketched in her free time.
31-22,"The guard stood at the entrance, ensuring security."
31-23,They cooked a delicious pork dish for dinner.
31-24,The company was known for its high-quality products.
31-25,"He received a high score on his exam, reflecting his hard work."
31-26,She answered the telephone call with a smile.
31-27,They went to the theater to watch a live performance.
31-28,"They engaged in international trade, importing and exporting goods."
31-29,The triangle has three sides and three angles.
31-30,A wave of fear swept over him.
32-1,The apartment had a spacious and comfortable flat layout.
32-2,They climbed the rocky terrain to reach the mountain peak.
32-3,The dog began to bark loudly to alert its owner.
32-4,The passengers eagerly lined up to board the plane for their vacation.
32-5,The storm''s strong winds and heavy rain damaged several houses in the neighborhood.
32-6,The new policies are expected to effect positive changes in the organization.
32-7,I need some time to review the documents before making a decision.
32-8,She worked hard to slim down for her upcoming wedding.
32-9,They decided to wed in a beautiful garden ceremony.
32-10,The argument escalated into a heated disagreement.
32-11,"If you cannot answer the question, leave a blank. "
32-12,We watched a live broadcast of the debate. 
32-13,The cock crowed loudly in the morning.
32-14,She worked in the marketing department of a large company.
32-15,"The morning dew covered the grass, creating a glistening effect."
32-16,"They had a disagreement over the decision, resulting in a tense argument."
32-17,She is the double of her mother. 
32-18,The company had a drastic drop in profits last year. 
32-19,He felt like a fool after realizing his mistake.
32-20,He crossed the stream with one hop.
32-21,She closed the lid tightly to keep the food fresh.
32-22,The magician performed incredible tricks that amazed the audience.
32-23,He wrote a captivating novel that became a bestseller.
32-24,She gave him a friendly pat on the back.
32-25,They walked along the winding path in the forest.
32-26,The family enjoyed a delightful picnic in the park.
32-27,The ship docked at the bustling port to unload its cargo.
32-28,She refuses to face reality .
32-29,Meeting the deadline was a requirement for the project.
32-30,She poured the delicious sauce over the pasta.
32-31,They set up a tent in the camping area.
32-32,The wires were carefully connected to ensure proper functionality.
33-1,She stayed home from work because she was feeling ill.
33-2,"He was a skillful artist, able to create stunning paintings."
33-3,The magician made the rabbit disappear with a wave of his hand.
33-4,He used a roller to flat the paint evenly on the wall.
33-5,Be sure to flour the baking pan before pouring in the cake batter.
33-6,I try to limit my screen time to maintain a healthy balance in my daily routine.
33-7,Carelessly ingesting certain mushrooms can poison a person.
33-8,They met for brunch at their favorite cafe.
33-9,The fire left him third-degree burns. 
33-10,The students gathered in the school cafeteria for lunch.
33-11,It was a custom to exchange gifts during the holiday season.
33-12,The price includes the hire of the hall. 
33-13,The hunter patiently waited for his prey.
33-14,The company had a significant increase in sales. 
33-15,She received an invitation to a fancy gala.
33-16,"The leopard prowled through the jungle, camouflaged in the foliage."
33-17,She studied Mandarin to improve her language skills.
33-18,The bread was baked in the oven until it turned golden brown.
33-19,He took a photograph of the stunning sunset.
33-20,The photographer captured beautiful moments at the wedding.
33-21,The puppet moved and danced as if it had a life of its own.
33-22,He sent a quick reply to her message.
33-23,The unexpected news caused a shock among the crowd.
33-24,Her throat felt sore and scratchy.
33-25,She reached into her wallet to pay for the purchase.
33-26,The breathtaking view filled them with wonder.
34-1,The story was so well-written that it seemed believable.
34-2,The new treatment proved to be effective in reducing pain.
34-3,We need to discuss further details before making a decision.
34-4,The lawyer will brief the client on the key details of the case before the trial.
34-5,You have to choose between the two options.
34-6,She started to collect stamps as a hobby.
34-7,Let''s compare the prices before making a purchase.
34-8,The sign clearly indicated the direction to the nearest exit.
34-9,He knocked on the door gently.
34-10,The company decided to lower the prices to attract more customers.
34-11,It''s important to obey the rules and regulations.
34-12,The spider quickly trapped the fly in its intricate web.
34-13,We are all looking forward to the upcoming holiday. 
34-14,She enjoyed eating fresh carrots from the garden.
34-15,They spent their free time playing chess.
34-16,The cake was topped with cream.
34-17,He used a flashlight to navigate through the dark room.
34-18,Good luck with your upcoming exam!
34-19,She wore a pretty pink dress to the party.
34-20,The decision was based on the principle of fairness.
34-21,"The printer ran out of ink, so we had to replace the cartridge."
34-22,She kept her keys and money in her purse.
34-23,They spent hours solving the challenging puzzle.
34-24,The building was made of strong steel.
34-25,She won the title of the champion in the competition.
34-26,He performed a magic trick that amazed the audience.
35-1,The naughty child was always getting into trouble.
35-2,"It''s a sunny day, perfect for a picnic."
35-3,She is a talkative person who enjoys engaging in conversations.
35-4,She buttoned up her coat to keep warm in the chilly weather.
35-5,I will contact you as soon as I have more information about the meeting.
35-6,The predator stealthily hunts its prey in the dense forest.
35-7,The dog licked my hand as a sign of affection.
35-8,She likes to organize her belongings in neat and tidy arrangements.
35-9,The photographer will photograph the stunning sunset at the beach.
35-10,She decided to quit her job and pursue her passion.
35-11,I will reply to your email as soon as possible.
35-12,She skillfully sandwiched the layers of cake with creamy frosting.
35-13,"The band will tour around the country, performing in different cities."
35-14,She sculpted a vase out of clay.
35-15,"He sat in the corner of the room, quietly reading a book."
35-16,Can you give me directions to the nearest post office?
35-17,The book had a surprising ending that left readers in awe.
35-18,He is an expert in his field and has extensive knowledge.
35-19,The town celebrated the annual festival with music and dancing.
35-20,The giraffe gracefully stretched its long neck to reach the leaves.
35-21,His goal is to become a successful entrepreneur.
35-22,"For instance, let''s consider the case of a student studying abroad."
35-23,The ripe mango was juicy and sweet.
35-24,What is the meaning behind this ancient symbol?
35-25,The sculpture was made of shiny metal.
35-26,The organization is committed to helping those in need.
35-27,She added a sprinkle of pepper to enhance the flavor of the dish.
35-28,The waiter placed the delicious meal on the plate.
35-29,He collected stamps from different countries as a hobby.
35-30,"The candidate got more than 20,000 votes in the local elections."
35-31,The wolf howled at the moon in the distance.
36-1,The chemical reaction produced a strong smell in the laboratory.
36-2,She keeps her desk neat and organized.
36-3,He is always willing to lend a helping hand to others.
36-4,"Despite the objections, she insisted on her decision."
36-5,He patted the dog on its head gently as a gesture of affection.
36-6,The plumber will pipe the new water line into the house.
36-7,The ship sank in the storm. 
36-8,The archer carefully targeted the dartboard and released the dart.
36-9,I trust my best friend to always be there for me.
36-10,The recipe requires a small amount of sugar.
36-11,He received a bill for the services rendered.
36-12,The climate in this region is characterized by hot summers and mild winters.
36-13,She pulled the curtain to block out the sunlight.
36-14,He had some doubt about the validity of the information.
36-15,She raised an eyebrow in surprise at the unexpected news.
36-16,The little ladybug crawled along the leaf.
36-17,Learning a new language can be challenging but rewarding.
36-18,There is a limit to how much one person can handle.
36-19,They worked together as a team to achieve their goals.
37-1,The company has a formal dress code requiring employees to wear a uniform.
37-2,Development has not been uniform across the country. 
37-3,She took a deep breath to calm her nerves before giving her presentation.
37-4,The victorious team gathered in celebration and began to crow about their win.
37-5,The art gallery will display the paintings of renowned artists from around the world.
37-6,She decided to travel to different countries to experience new cultures and broaden her horizons.
37-7,The recognition and praise from his peers humbled him.
37-8,The male and female birds mate during the breeding season to produce offspring.
37-9,"When you multiply two numbers, you get the product."
37-10,"The birds diligently nest in the trees, constructing a comfortable home for their eggs."
37-11,Please pardon me for the mistake I made in my previous statement.
37-12,I will photo the beautiful scenery during our vacation.
37-13,Estimates of the damage range between $1 million and $5 million. 
37-14,The customs officers searched through our bags.
37-15,The teacher will test the students'' knowledge with a comprehensive exam at the end of the semester.
37-16,The team decided to uniform their players with matching jerseys for a more cohesive look.
37-17,"She expertly wheeled the bicycle around the corner, demonstrating her excellent control."
37-18,I was so tired that I went straight to bed. 
37-19,The police made an arrest in connection with the crime.
37-20,"A beetle crawled across the ground, its shiny shell reflecting the sunlight."
37-21,She cooked a delicious dish using fresh cabbage from the garden.
37-22,"The cleaner came and tidied up the room, making it spotless."
37-23,Dinosaurs roamed the Earth millions of years ago.
37-24,Education plays a crucial role in shaping a person''s future.
37-25,Take your time; there is no hurry. 
37-26,Keep the negatives in case you want more prints later.
37-27,The store had a special offer on their products for a limited time.
37-28,The parrot mimicked their words and entertained everyone.
37-29,She asked for directions to the restroom.
37-30,The singer just released her new single. 
37-31,They worked together to address important issues in society.
37-32,The teacher assigned a challenging task to the students.
37-33,They played a game of tennis at the local court.
37-34,She picked a ripe tomato from the garden.
37-35,The valley was surrounded by majestic mountains.
37-36,The waiter brought the menu and took their orders.
38-1,"The old man had a bony appearance, with his thin and protruding bones."
38-2,It''s important to be cautious around dangerous situations and take necessary precautions.
38-3,No one can stop the forward movement of history. 
38-4,She had a gentle touch and treated everyone with kindness.
38-5,Raw meat must be kept separate from cooked meat. 
38-6,Being single allows you to focus on yourself and personal growth.
38-7,"The cake had a tasty flavor, leaving everyone satisfied."
38-8,She took the time to arrange the flowers beautifully in a vase.
38-9,Please don''t bother him while he''s working on an important project.
38-10,The family decided to desert the busy city life and move to a peaceful rural area.
38-11,"Despite their efforts, they couldn''t help but feel like they were bound to fail."
38-12,He took a moment to pray and reflect on his thoughts.
38-13,Keeping a pet requires a lot of care and attention. 
38-14,The intensive training and practice resulted in her winning the competition.
38-15,She carefully selected the best outfit for the occasion.
38-16,They decided to share the responsibilities and work as a team.
38-17,"With determination and perseverance, they were able to succeed in their endeavors."
38-18,"Rooms cost 50 dollars per person, per night. "
38-19,There''s a cheat you can use to get to the next level in this game. 
38-20,Overcoming difficulty requires resilience and a positive mindset.
38-21,The fireman bravely entered the burning building to rescue those trapped inside.
38-22,"After a long day, hunger struck and they eagerly sat down for a meal."
38-23,She used a napkin to wipe her mouth after enjoying the delicious meal.
38-24,Herds of buffalo roamed these plains.
38-25,"I spotted a group of swallows flying in perfect formation, gracefully swooping and catching insects on the wing."
38-26,Symbols have significant meanings and represent various concepts.
38-27,"They drove through a dark tunnel, surrounded by walls of rock."
39-1,"She was proud to be an independent woman, relying on herself for everything."
39-2,"The artist created a sculpture of a naked figure, showcasing the beauty of the human form."
39-3,This disease is caused by a novel virus closely related to the one that causes AIDS.
39-4,"With careful planning and preparation, they were able to advance their project."
39-5,She offered to babysit her neighbor''s children for the evening.
39-6,As a politician he has often courted controversy. 
39-7,They had to cross the bridge to reach the other side of the river.
39-8,My parents have always encouraged me in my choice of career. 
39-9,"He tried to fool his friends with a clever prank, but they quickly caught on to his tricks."
39-10,They decided to invite their friends over for a dinner party.
39-11,The musician rocked the stage with an energetic and captivating performance.
39-12,The teacher silenced the class by raising her hand.
39-13,"She steamed the vegetables to perfection, making them tender and delicious."
39-14,"The protesters stormed the streets, demanding justice and change."
39-15,"He carefully toed the line, making sure not to cross it."
39-16,"Therefore, they concluded that it was necessary to take immediate action."
39-17,I will meet you wherever you are.
39-18,He worked for a reputable company known for its high-quality products.
39-19,They embraced the local culture and immersed themselves in the traditions.
39-20,The dragon was a mythical creature often depicted in legends and folklore.
39-21,The theater showcased a captivating drama that had the audience on the edge of their seats.
39-22,The little ladybird landed gently on the flower petal.
39-23,He made a mark on the paper to indicate his signature.
39-24,The house''s owner decided to renovate and make improvements.
39-25,He was sentenced to several years in prison for his crimes.
39-26,She took a refreshing shower to start her day.
39-27,They enjoyed a juicy steak cooked to perfection.
39-28,They traveled by subway to avoid traffic and reach their destination faster.
39-29,Their hard work and dedication led to their success.
39-30,He wore a tailored suit for the important business meeting.
40-1,He took a backward step to look at the picture on the wall.
40-2,The blind man navigated the room with the help of his walking cane.
40-3,"The road was broad, allowing for multiple lanes of traffic."
40-4,They followed their daily routine of exercise and meditation.
40-5,"The military aircraft flew overhead, displaying its powerful capabilities."
40-6,He bent down to pick up the fallen book from the floor.
40-7,"She liked to complain about small inconveniences, but overall she was content."
40-8,"He couldn''t stop coughing, which indicated he might be sick."
40-9,The rabbit hopped playfully in the garden.
40-10,The workers were tasked to mine for coal in the deep underground tunnels.
40-11,She decided to pepper her pasta with a generous amount of freshly ground black pepper.
40-12,The organization provided assistance to those in need.
40-13,The delicious meal satisfied their hunger and cravings.
40-14,They went on a trip abroad to explore new cultures and experiences.
40-15,"His curiosity went beyond the usual limits, and he constantly sought knowledge."
40-16,"Wherever she goes, there are crowds of people waiting to see her."
40-17,He grew a beard to change his appearance.
40-18,He ordered a cold beer to quench his thirst.
40-19,He enjoyed a bowl of cereal with milk for breakfast.
40-20,"They formed a circle, holding hands and singing together."
40-21,We apologize for the delay in answering your letter.
40-22,The distance between their houses seemed much farther than they anticipated.
40-23,The donkey carried heavy loads with great effort.
40-24,You should put more effort into your work. 
40-25,This song is a particular favorite of mine. 
40-26,He bought a pair of wool gloves for his girlfriend. 
40-27,They watched the playful goat climb and jump on the rocks.
40-28,The buzzing sound indicated the presence of an insect.
40-29,She relied on her judgment to make important decisions.
40-30,The car swerved into the next lane to avoid an obstacle.
40-31,They experienced a loss when their team was defeated in the game.
40-32,Let''s consider the pluses and minuses of changing the system
40-33,He proudly introduced his niece to his friends.
40-34,He cracked open a nut and enjoyed its contents.
40-35,They studied the planets and their positions in the solar system.
40-36,She paid with a quarter for the vending machine.
40-37,He studied hard to prepare for the quiz.
40-38,What''s the rush?
40-39,The dirty dishes were washed in the sink.
40-40,The subject of their discussion was the upcoming project.
40-41,He accidentally stubbed his toe on the furniture.
40-42,She went to the toilet to freshen up.
40-43,He brushed his teeth before going to bed.
40-44,They celebrated their cultural tradition with festive ceremonies.
40-45,The defendant faced a trial to determine their guilt or innocence.
41-1,She fell asleep quickly after a long day.
41-2,"The sky was cloudy, with gray clouds covering the sun."
41-3,They traveled to an eastern province to explore its rich culture.
41-4,"He was helpful, always willing to lend a hand to those in need."
41-5,She was polite and greeted everyone with a smile.
41-6,The car sped away at a rapid pace.
41-7,The organization aims to aid communities in need by providing access to clean water and medical supplies.
41-8,The intense glare from the sun momentarily blinded him as he stepped outside.
41-9,"The differing opinions on the issue often conflict with each other, leading to heated debates."
41-10,The suspect was arrested for attempting to drug his victim with a sedative.
41-11,The students formed a study group to collaborate and help each other prepare for the exam.
41-12,She could imagine the beautiful scenery as described in the book.
41-13,She struggled to phrase her thoughts in a concise and articulate manner.
41-14,The player was signing autographs for a group of fans. 
41-15,The store owner will supply the shelves with fresh produce every morning.
41-16,The detective tried to track the movements of the suspect through surveillance footage.
41-17,She goes for a run daily to maintain her fitness.
41-18,I set the log on the ground and shaved off the bark.
41-19,She drank water from a bottle to quench her thirst.
41-20,He climbed up the tree and grabbed a branch to swing on.
41-21,They enjoyed a warm bun from the bakery.
41-22,She wrote her thoughts and experiences in her diary.
41-23,The museum had an impressive display of ancient artifacts.
41-24,I got three passes and one fail.
41-25,Good luck with your job hunt. 
41-26,He borrowed books from the library to expand his knowledge.
41-27,They are playing an important match against another school. 
41-28,The prisoner was locked in a cell for his crimes.
41-29,The academic term started with new subjects and challenges.
41-30,"The typhoon brought strong winds and heavy rain, causing damage."
41-31,"They played in the yard, enjoying the sunshine and fresh air."
42-1,The children played on the grassy field.
42-2,The soldiers bravely battled their way through enemy territory.
42-3,The car horn beeped loudly to alert pedestrians of its presence.
42-4,I''ll belt you if you do that again. 
42-5,She decided to double the recipe to have enough food for everyone at the party.
42-6,She faulted herself for not double-checking the document before submitting it.
42-7,She worked hard to gain new skills and improve herself.
42-8,The accident occurred at the intersection of two busy streets.
42-9,I wonder what the future holds for us.
42-10,The twins dressed alike for the party.
42-11,The two armies clashed in a fierce battle.
42-12,She wore a beautiful dress to the party.
42-13,"The gate opened, allowing access to the garden."
42-14,She received a high grade on her exam.
42-15,He gave a gentle knock on the door to announce his presence.
42-16,He completed another lap around the track.
42-17,The farmer owned a large ox for plowing the fields.
42-18,The kittens were enjoying a roll in the sunshine. 
42-19,The book was divided into different sections for easy navigation.
42-20,The parties reached a settlement after lengthy negotiations.
42-21,All of a sudden someone grabbed me around the neck. 
42-22,She used tape to secure the package.
42-23,He studied diligently for the upcoming test.
42-24,He adjusted his trousers for a more comfortable fit.
42-25,He bought a tube of toothpaste. 
43-1,The new smartphone is very convenient to use.
43-2,The magician performed amazing tricks that seemed like real magic.
43-3,The modern technology has transformed our lives in many ways.
43-4,"She led an ordinary life, going about her daily routines."
43-5,He suffered from a painful injury and needed medical attention.
43-6,Regular exercise is important for maintaining good health.
43-7,She has a naturally skinny figure and doesn''t need to watch her weight.
43-8,The warehouse worker carted the boxes to the loading dock for shipment.
43-9,The manager will charge the team with the responsibility of completing the project on time.
43-10,The candidates will debate their positions on the key issues during the televised event.
43-11,He worked hard to improve his skills and achieve success.
43-12,The construction crew will tunnel through the mountain to create a new transportation route.
43-13,"She decided to go anyway, despite the bad weather."
43-14,The temperature dropped to minus 28 degrees centigrade.
43-15,He ordered a juicy beef steak for dinner.
43-16,"He had a dimple on his chin, which added to his charm."
43-17,The candidates engaged in a lively debate during the election campaign.
43-18,Freedom of speech is a fundamental right in a democratic society.
43-19,The house is not yet connected to the mains. 
43-20,She wore a mask to protect herself from the dust.
43-21,He is a talented musician who plays multiple instruments.
43-22,"She received a package in the mail, eagerly opening it."
43-23,He worked closely with his business partner to achieve their goals.
43-24,The storm brought heavy rain and strong winds.
43-25,Building a strong vocabulary is essential for effective communication.
44-1,I bought a cheap pair of sunglasses at the dollar store.
44-2,Only a select few were invited to his wedding. 
44-3,She had a thin frame and could easily fit into small sizes.
44-4,She had to bear the weight of her responsibilities and carry on with determination.
44-5,The radio station broadcasted the live concert to its listeners.
44-6,Don''t forget to comb your hair before going out.
44-7,"The traffic jammed up the highway, causing delays for commuters."
44-8,Please omit the unnecessary details from the report.
44-9,The surgeon was about to operate on the patient.
44-10,The children had fun sliding down the playground slide.
44-11,Subtracting one from ten gives you a result of nine.
44-12,The countries agreed to trade goods and services to promote economic growth.
44-13,"Anyhow, we managed to complete the project on time."
44-14,The cat used its sharp claw to catch the mouse.
44-15,She has a very good reputation among her fellows.
44-16,The liquid spilled from the bottle onto the floor.
44-17,The team worked together to complete the project successfully.
44-18,The interviews were given to a random sample of students.
44-19,The scientist conducted experiments to test his hypothesis.
44-20,"He whispered a secret into her ear, asking her not to tell anyone."
44-21,The temple was a place of worship and tranquility.
44-22,The user logged into the website using their credentials.
44-23,They played volleyball on the sandy beach.
44-24,The youth of today face various challenges in the modern world.
45-1,She had a choice bouquet of vibrant flowers for her graduation celebration.
45-2,"The painting was vibrant and colorful, with hues of red and blue."
45-3,He always comes up with crazy ideas that surprise everyone.
45-4,The conference had participants from different international locations.
45-5,The patient dog calmly waited for its owner to return home.
45-6,"She made a perfect score on the exam, answering all the questions correctly."
45-7,They encountered wild animals during their safari in Africa.
45-8,"It was a windy day, and the trees swayed in the breeze."
45-9,She will dress in her finest attire for the elegant gala.
45-10,The government works to govern and manage the country.
45-11,The hikers decided to log their journey in a journal to capture their experiences and memories.
45-12,She posted a message on social media to share her thoughts.
45-13,The chef will section the grapefruit into individual segments for the fruit salad.
45-14,He collected stamps and stored them in an album.
45-15,She enjoyed snacking on almonds as a healthy treat.
45-16,He sat back on the comfortable armchair to relax.
45-17,This chair is made of bamboo.
45-18,The teacher wrote on the blackboard to illustrate the lesson.
45-19,They connected the cable to the television for better reception.
45-20,She used a wide-toothed comb to untangle her hair after swimming.
45-21,Division is a mathematical operation that involves splitting numbers.
45-22,He received encouragement from his friends to pursue his dreams.
45-23,The fighter trained hard for the upcoming match.
45-24,"She drew a figure on the paper, showcasing her artistic skills."
45-25,He enjoyed playing golf on weekends.
45-26,Can I have a lick of your ice cream?
45-27,They had a delicious meal together at the restaurant.
45-28,He earned over a million after winning the lottery.
45-29,They adopted two puppies.
45-30,She prepared a fresh salad with vegetables from her garden.
45-31,The actors performed on stage in front of a live audience.
45-32,The width of the river was too wide to swim across.
46-1,The scientist conducted experiments to obtain measurable results.
46-2,The national anthem played before the start of the game.
46-3,She walked in a straight line towards her destination.
46-4,It was his usual routine to brush his teeth before going to bed.
46-5,She brushes her hair every morning to keep it smooth and untangled.
46-6,He worked diligently to complete the project before the deadline.
46-7,She curtained the windows to block out the sunlight.
46-8,The courier will deliver the package to your doorstep.
46-9,The team worked together to develop a new software application.
46-10,I asked him if he would help me and he nodded.
46-11,The teacher praised the student for their excellent performance.
46-12,The mechanic needs to pump air into the bicycle tire before going for a ride.
46-13,We should respect different opinions and listen to each other''s perspectives.
46-14,She accidentally slipped on the wet floor.
46-15,She grabbed a broom to sweep the fallen leaves in the yard.
46-16,He tightened his belt to make his pants fit better.
46-17,She used chopsticks to eat her favorite Asian cuisine.
46-18,He made a claim for insurance coverage after the accident.
46-19,Confucius was a Chinese philosopher and teacher.
46-20,There was an error in the calculation that needed to be corrected.
46-21,She hung her clothes on the hanger in the closet.
46-22,"The industry was growing rapidly, creating new job opportunities."
46-23,He sliced open the melon to enjoy its sweet flesh.
46-24,She checked her spelling before submitting the essay.
46-25,The graceful swan glided across the calm lake.
46-26,He accidentally bit his tongue while eating.
47-1,The path through the forest became narrow as we ventured deeper.
47-2,The sunset painted the sky with beautiful natural colors.
47-3,My personal opinion is that everyone should have equal rights.
47-4,She lost weight and now has a slim figure.
47-5,The soldier armed himself with a rifle before heading into battle.
47-6,The balloon burst suddenly with a loud pop.
47-7,We need to hurry if we want to catch the train.
47-8,The citizens will vote for their preferred candidate in the upcoming election.
47-9,The army launched an attack on the enemy''s position.
47-10,"The bomb exploded, causing widespread destruction."
47-11,The coach trained the team for hours every day.
47-12,The doctor prescribed a drug to alleviate the patient''s symptoms.
47-13,He disposed of the garbage in the bin.
47-14,She enjoyed a delicious grape as a snack.
47-15,The bees collected nectar to make honey in the hive.
47-16,The koala climbed up the tree and settled on a branch.
47-17,He sat on the mat while practicing yoga.
47-18,She opened her textbook and began studying for the exam.
48-1,The twins looked so alike that it was hard to tell them apart.
48-2,"The medicine had a bitter taste, but it helped with the cough."
48-3,Buying a luxury car can be quite costly.
48-4,He was a handsome man with charming features.
48-5,Neither option seemed appealing to me.
48-6,We had a delicious barbecue in the backyard.
48-7,The cat was clawing at the leg of the chair.
48-8,He used vivid words to describe the magnificent sunset.
48-9,Unicorns exist only in myths and legends.
48-10,Thomas Edison is credited with inventing the electric light bulb.
48-11,She presented her findings to the audience at the conference.
48-12,It was the calm before the storm.
48-13,"The crane stood tall against the skyline, gracefully lifting heavy loads."
48-14,The crowd cheered and applauded at the end of the performance.
48-15,"For dessert, we had a scrumptious chocolate cake."
48-16,He caught the flu while traveling abroad.
48-17,The city welcomed many foreigners who came to explore its beauty.
48-18,The general shared his strategic knowledge with the troops.
48-19,There is a lack of knowledge about investment.
48-20,The basketball player caught the ball in the net.
48-21,Her presence in the room brought a sense of tranquility.
48-22,The wealthy man enjoyed his riches and lived a lavish lifestyle.
48-23,She watched a movie on the big screen at the cinema.
48-24,The secretary efficiently managed the office tasks.
48-25,The servant diligently served the guests at the party.
48-26,She cooked a delicious meal on the stove.
48-27,He accidentally hit his thumb with a hammer.
48-28,The vegetarian dish was made with tofu as a protein substitute.
49-1,They went on an overseas trip to explore different cultures.
49-2,The little boy had the courage to beg for some candy from his parents.
49-3,The experienced trainer will coach the athletes to improve their performance.
49-4,She copied the document for her records.
49-5,The designer designed a beautiful dress for the fashion show.
49-6,The river flowed gently through the valley.
49-7,They decided to golf at the nearby course for their weekend outing.
49-8,She motioned for everyone to be quiet and pay attention to her presentation.
49-9,She gently pillowed her head on the soft cushion and drifted off to sleep.
49-10,The chef carefully shelled the eggs before adding them to the recipe.
49-11,He used glue to stick the pieces of the puzzle together.
49-12,She toasted a slice of bread for her breakfast.
49-13,The magician tricked the audience with an impressive sleight of hand.
49-14,Education is especially important for children to develop their skills and knowledge.
49-15,She learned the alphabet in school and practiced writing letters.
49-16,I don''t want to put you to any bother.
49-17,He used a crayon to color the picture in vibrant hues.
49-18,The detective solved the crime and apprehended the culprit.
49-19,The diamond necklace sparkled under the bright lights.
49-20,Many children have no respect for their elders nowadays.
49-21,He made an excuse for being late to the meeting.
49-22,She filled out the form with her personal information.
49-23,He played the guitar as his favorite hobby.
49-24,Her hobbies include swimming and dancing.
49-25,She put on her cozy pajamas and prepared to go to bed.
49-26,The panda lazily chewed on bamboo shoots.
49-27,They enjoyed a tropical fruit salad with fresh pineapple.
49-28,The president delivered a speech to address the nation.
49-29,We collected many shells on the beach.
49-30,Be very careful when you walk on the sidewalk.
49-31,The tall tower stood as a landmark in the city skyline.
50-1,They decorated the room with colorful balloons and streamers for the party.
50-2,She tried to dull the pain in her leg by applying a numbing cream.
50-3,Excuse me for being so late.
50-4,"The heavy rain caused the river to flood its banks, inundating nearby homes and streets."
50-5,He forwarded the email to other colleagues after reading it.
50-6,"He carefully nailed the picture frame to the wall, ensuring it was straight and secure."
50-7,"She decided to object to the proposal during the meeting, citing concerns about its feasibility."
50-8,I will phone my friend to let them know about the change in plans.
50-9,She carefully surfaced the wooden table to restore its shine and protect it from stains.
50-10,They decided to team up and work together to tackle the challenging project.
50-11,The workers trucked the supplies to the construction site.
50-12,They found a hidden treasure within the old chest.
50-13,They made advance reservations for their vacation.
50-14,He twisted his ankle while playing basketball.
50-15,Her appearance was elegant and well-groomed.
50-16,"After a long hike, they had a big appetite and enjoyed a hearty meal."
50-17,They were happy with all the travel arrangements.
50-18,They learned the basics of mathematics in school.
50-19,He carried his cell phone everywhere he went.
50-20,The teacher used chalk to write on the blackboard.
50-21,They explored the vast desert on a thrilling adventure.
50-22,One of the urgent issues nowadays is the digital divide.
50-23,She gained valuable experience through her internship.
50-24,The loud noise gave her a fright.
50-25,They enjoyed a juicy hamburger at the local diner.
50-26,The heater provided warmth on a cold winter day.
50-27,His strong leadership skills inspired his team.
50-28,"She bit into the ripe peach, savoring its sweet taste."
50-29,They picked fresh pears from the tree in the orchard.
50-30,The teacher called on a pupil to answer a question.
50-31,She used the scissors to cut the paper into shapes.
50-32,They made a selection from the menu and ordered their meals.
50-33,There is a fountain in the city''s main square.
50-34,She usually reads for hours at a stretch.
50-35,She spilled coffee on the surface of the table.
50-36,He put on a warm sweater to protect himself from the cold.
50-37,The wheel on the car started to wobble and needed to be repaired.